Date,Open,High,Low,Close,Volume
2015-01-02,24.69423503534699,24.70532029541843,23.79860048379208,24.23755073547364,212818400
2015-01-05,24.006990190147395,24.0867993234754,23.368518814896508,23.55473899841309,257142000
2015-01-06,23.619028729260297,23.816334163580667,23.195596863475707,23.55695533752441,263188400
2015-01-07,23.76535030250549,23.98704200939966,23.654504449058404,23.88728141784668,160423600
2015-01-08,24.21537959880761,24.862718808875904,24.097881603917656,24.805078506469727,237458000
2015-01-09,24.97800165194986,25.106583234710648,24.432640311803063,24.83168601989746,214798000
2015-01-12,24.96248496859388,24.969135448943987,24.120057527235872,24.21981811523437,198603200
2015-01-13,24.703103135568583,25.006821335803178,24.1444408650448,24.43485641479492,268367600
2015-01-14,24.173263026705097,24.49471531323738,24.053549306454705,24.34174919128418,195826400
2015-01-15,24.38607639779444,24.399377352772145,23.645627253574848,23.68109703063965,240056000
2015-01-16,23.727660381621178,23.84959148289938,23.321964198866382,23.497100830078125,314053200
2015-01-20,23.90722806464097,24.15774072566621,23.61016204884328,24.1023178100586,199599600
2015-01-21,24.15331098375584,24.621080624373143,24.00256055420087,24.286327362060547,194303600
2015-01-22,24.443720442092136,24.93365875835831,24.32400675479041,24.91814041137696,215185600
2015-01-23,24.89597581990433,25.217428072632536,24.725272282705173,25.04672622680664,185859200
2015-01-26,25.21520671810825,25.35265614411919,25.00681772616178,25.07332420349121,222460000
2015-01-27,24.922577258846545,24.935879909246182,24.171042629136025,24.1954288482666,382274800
2015-01-28,26.07759137754832,26.186221517154262,25.56326675415039,25.56326675415039,585908400
2015-01-29,25.787177336812245,26.423433096590607,25.618691178673068,26.3591423034668,337745600
2015-01-30,26.248295420011285,26.603001772030364,25.904672637239905,25.973398208618164,334982000
2015-02-02,26.17070219145008,26.41899577815114,25.73396933307641,26.29928207397461,250956400
2015-02-03,26.27046066624386,26.401257928588027,26.07315523199289,26.303714752197266,207662800
2015-02-04,26.27046806393836,26.71606888189861,26.228346097111075,26.505460739135746,280598800
2015-02-05,26.712447061096544,26.7591875492115,26.541071497520225,26.694643020629883,168984800
2015-02-06,26.71244351282826,26.76363457974789,26.363014006611284,26.469846725463867,174826400
2015-02-09,26.385275013527394,26.672384475729245,26.358566406277816,26.64567756652832,155559200
2015-02-10,26.74582586117105,27.186508442480807,26.743601417936667,27.15757369995117,248034000
2015-02-11,27.32450130228101,27.80301984182764,27.26440906617443,27.79411697387696,294247200
2015-02-12,28.05674975412918,28.372795669606173,27.947692577307883,28.145776748657227,297898000
2015-02-13,28.328280346900737,28.328280346900737,27.96549735191053,28.283767700195312,217088800
2015-02-17,28.375015787666307,28.68438492854948,28.24815289166968,28.4506893157959,252609600
2015-02-18,28.406178497331744,28.662130462538304,28.36611643583812,28.64877700805664,179566800
2015-02-19,28.595355086126933,28.71776739221714,28.56197145541902,28.58867835998535,149449600
2015-02-20,28.62651086276628,28.822370529174805,28.499649685094425,28.822370529174805,195793600
2015-02-23,28.93811461207815,29.601362228393555,28.857990488247623,29.601362228393555,283896400
2015-02-24,29.58801663206441,29.734911464117108,29.194072635595163,29.41663932800293,276912400
2015-02-25,29.28086288210256,29.289767448381888,28.52190992139561,28.664352416992188,298846800
2015-02-26,28.664353084202308,29.12729205469109,28.17915948969113,29.027137756347656,365150000
2015-02-27,28.9336610638984,29.060525669459057,28.54194502901291,28.590909957885746,248059200
2015-03-02,28.76674017250741,28.99598355557924,28.555302529375822,28.73112869262696,192386800
2015-03-03,28.70218871240452,28.82682545843777,28.508553471298843,28.79121398925781,151265200
2015-03-04,28.733349484334305,28.835728218754888,28.55974780762392,28.60870933532715,126665200
2015-03-05,28.61761652931516,28.65545244734505,27.98997872615739,28.13464736938477,226068400
2015-03-06,28.57755024468329,28.79344011960336,28.10125955185688,28.176931381225582,291368400
2015-03-09,28.47962177635552,28.83795583428651,27.834178300278573,28.297117233276367,354114000
2015-03-10,28.13464987578879,28.314928311443243,27.55375080751476,27.71177291870117,275426400
2015-03-11,27.765183710100228,27.76963429501665,27.177608014323543,27.206541061401367,275756000
2015-03-12,27.22211956625608,27.798567927648104,27.070774214428088,27.69841194152832,193450800
2015-03-13,27.687289634604028,27.90985626880816,27.282218428274447,27.507009506225582,207309200
2015-03-16,27.5715500016614,27.80969619750977,27.34675895658521,27.80969619750977,143497200
2015-03-17,28.021134600076984,28.33717875688107,27.96549295142633,28.27486038208008,204092400
2015-03-18,28.26595883797083,28.74670351988461,28.125742488103533,28.59313201904297,261083600
2015-03-19,28.655445528965373,28.766728812573003,28.3549810028344,28.37723731994629,183238000
2015-03-20,28.544168444485248,28.577552078379163,27.85643841749427,28.021137237548828,274780400
2015-03-23,28.292666278344058,28.455138942422373,28.15912496238312,28.31269645690918,150838800
2015-03-24,28.317148521175582,28.497425221015355,28.1680276125766,28.196962356567383,131369200
2015-03-25,28.16357933072388,28.22589771049454,27.460268020629883,27.460268020629883,206620800
2015-03-26,27.322274764596163,27.794114843477228,27.286663295523013,27.65167236328125,190291600
2015-03-27,27.725119459155888,27.7540525039436,27.35565981059288,27.431331634521484,158184800
2015-03-30,27.60939312960263,28.132424408359668,27.59826411807745,28.125747680664062,188398800
2015-03-31,28.06342177006601,28.152448749647554,27.678382503094827,27.69396209716797,168362400
2015-04-01,27.780761124906427,27.847531779753435,27.3979463262866,27.653898239135746,162485600
2015-04-02,27.82750526345867,27.94546530476479,27.64055011075808,27.89204978942871,128880400
2015-04-06,27.702861871893177,28.37946446390211,27.67170268722584,28.34385299682617,148776000
2015-04-07,28.4084029400596,28.51523396562088,28.038943237758097,28.04561996459961,140049200
2015-04-08,28.01001024921249,28.132422575820524,27.81415222468828,27.9543685913086,149316800
2015-04-09,28.010007694885584,28.172482068289785,27.745154582088954,28.16802978515625,129936000
2015-04-10,28.032263697492382,28.312698100017467,27.878693892102373,28.28821563720703,160752000
2015-04-13,28.57086917622061,28.615385206586744,28.179153240111305,28.232568740844727,145460400
2015-04-14,28.26595484256325,28.330499352662446,28.02335809244218,28.11015892028809,102098400
2015-04-15,28.13464667828012,28.294893215067187,28.045619692477185,28.21699523925781,115881600
2015-04-16,28.10571071871616,28.288215267615023,28.067874803248348,28.081228256225582,113476000
2015-04-17,27.94323644885431,28.07454992374797,27.700637979338687,27.765182495117188,207828000
2015-04-20,27.94769556491331,28.515239531858697,27.85866856086829,28.39950561523437,188217200
2015-04-21,28.510788381771672,28.53304300845616,28.19251631569665,28.245933532714844,129740400
2015-04-22,28.26373337851784,28.68215799476166,28.1146141570853,28.62651634216309,150618000
2015-04-23,28.555300927111567,29.02714112271059,28.519689449229297,28.86021614074707,183083600
2015-04-24,29.04271597324572,29.07387516045413,28.762279892273376,28.99597549438477,178103600
2015-04-27,29.44779235838264,29.630298638040404,29.18961423422666,29.52346420288086,387816800
2015-04-28,29.926313917585805,29.944116261415125,28.837963110770552,29.05830192565918,475696000
2015-04-29,28.96927800584258,29.2875467074828,28.555303872035783,28.6309757232666,253544400
2015-04-30,28.630970767541644,28.630970767541644,27.727350805104503,27.85421371459961,332781600
2015-05-01,28.065650005792723,28.96259489680037,27.88759773139169,28.69996452331543,234050400
2015-05-04,28.82237540522637,29.06052330317985,28.546391591878752,28.64432144165039,203953200
2015-05-05,28.52190599939661,28.5886766529222,27.99442428912783,27.99887657165528,197085600
2015-05-06,28.168028667666032,28.21031686551449,27.455816218919747,27.82305145263672,288564000
2015-05-07,27.88563328767848,28.178414607387104,27.71801105854924,27.995147705078125,175763600
2015-05-08,28.31251309338488,28.522600173950195,28.18512026275605,28.522600173950195,222201600
2015-05-11,28.471190892738576,28.50918485099784,28.077836963604977,28.2320499420166,168143200
2015-05-12,28.071138115295525,28.357213138843044,27.89681125439261,28.13148307800293,192640000
2015-05-13,28.194056753833664,28.42649309534573,28.131478066722977,28.16276741027832,138776800
2015-05-14,28.475660537464663,28.819843292236328,28.419786470046493,28.819843292236328,180814000
2015-05-15,28.846670700094613,28.940538742139225,28.654463734874764,28.77962112426757,152832000
2015-05-18,28.69245333007435,29.21543380338683,28.68798244962446,29.096981048583984,203531600
2015-05-19,29.2087303336458,29.25119517387914,28.974058549918123,29.07016372680664,178532800
2015-05-20,29.054519081816487,29.27354450155405,28.907010704933214,29.067928314208984,145819600
2015-05-21,29.07016571580792,29.418819402214933,29.01652537548264,29.36517906188965,158921600
2015-05-22,29.412118235115084,29.718307114290013,29.36741624112701,29.622201919555664,182384000
2015-05-26,29.63560480733493,29.704888100810432,28.857835383738585,28.96958351135254,282790400
2015-05-27,29.13050168154005,29.55961409108794,29.06568926672743,29.51044464111328,183332800
2015-05-28,29.470215466781788,29.49032931068124,29.300359545605133,29.452335357666016,122933200
2015-05-29,29.329414816235555,29.37858426889238,29.03216436527658,29.117094039916992,203538000
2015-06-01,29.117089806754823,29.36517076898995,29.065686626553163,29.17519760131836,128451200
2015-06-02,29.02322891673325,29.202026634245364,28.9025424183252,29.04557991027832,134670400
2015-06-03,29.202032630617,29.264611333053782,29.03217322947415,29.081342697143555,123934000
2015-06-04,28.960647495537707,29.184143768776664,28.810905401701508,28.91147804260254,153800400
2015-06-05,28.942769382577065,28.98523422306932,28.687983749906223,28.752796173095703,142507200
2015-06-08,28.808668102346388,28.87795481131728,28.34603259256239,28.56282424926757,210699200
2015-06-09,28.316980038004523,28.62540601795868,28.07560533408828,28.47789764404297,224301600
2015-06-10,28.589643200734034,28.90700750324305,28.57399852962841,28.80420112609864,156349200
2015-06-11,28.87124567447265,29.09474193791442,28.71479897211988,28.73938369750977,141563600
2015-06-12,28.649987106463826,28.68127644753528,28.40861072807724,28.422019958496094,147544800
2015-06-15,28.182877320017703,28.43766291345252,28.095713917271123,28.36614418029785,175955600
2015-06-16,28.390736517876093,28.5740034273007,28.24322983718876,28.518129348754883,125976400
2015-06-17,28.544940706610863,28.580699219165577,28.32591363607703,28.451072692871094,131672400
2015-06-18,28.435438210107023,28.67681294545484,28.433202769415,28.58070945739746,141628800
2015-06-19,28.542711069651634,28.567295798030447,28.249931474593,28.29463005065918,218867600
2015-06-22,28.493536967605955,28.62092976428129,28.40190439006669,28.520357131958008,136157200
2015-06-23,28.49131190163484,28.52036580966712,28.35721274421417,28.390737533569336,121075600
2015-06-24,28.43096358842425,29.009819881307813,28.41084974026708,28.632110595703125,221123600
2015-06-25,28.79972643951187,28.87571434479905,28.49577140808105,28.49577140808105,127752400
2015-06-26,28.533773621853992,28.605292373182664,28.27451878771564,28.32815742492676,176267200
2015-06-29,28.039844723786928,28.265576457225944,27.820819311458745,27.831993103027344,196645600
2015-06-30,28.06442570824172,28.187349335086324,27.905743565950345,28.03313636779785,177482800
2015-07-01,28.361679619899824,28.37061967614133,28.158297176973544,28.29463005065918,120955200
2015-07-02,28.256635638181272,28.31474515025024,28.10912727026959,28.25887107849121,108844000
2015-07-06,27.923628371790983,28.211938804483257,27.903512818042405,28.160533905029297,112241600
2015-07-07,28.135946131868533,28.19405564123876,27.66213341150601,28.09124755859375,187787200
2015-07-08,27.82081676371209,27.856575280654905,27.387233449219742,27.393938064575195,243046400
2015-07-09,27.68002095798934,27.726954984077167,26.645233532967115,26.835205078125,314380000
2015-07-10,27.253135750300856,27.68001273996736,27.08998272269413,27.55261993408203,245418000
2015-07-13,27.943743276708435,28.10689633274658,27.78506110173518,28.08454704284668,165762000
2015-07-14,28.16947536957432,28.243229561769542,27.945979057570536,28.07337188720703,127072400
2015-07-15,28.09795590249705,28.417555688730346,28.066666556024543,28.34380149841309,134596800
2015-07-16,28.549410939177225,28.734914943921616,28.46224753674022,28.72150230407715,144889600
2015-07-17,28.84889703405364,28.96958351135254,28.67680396264912,28.96958351135254,184658800
2015-07-20,29.27130553538304,29.7182980567629,29.21096059011771,29.517152786254883,235600800
2015-07-21,29.691480984672705,29.707123950305423,29.12603569151852,29.222137451171875,307025600
2015-07-22,27.26431042059781,28.048782832229605,27.26431042059781,27.986204147338867,461802400
2015-07-23,28.20522627291795,28.404137800452204,27.950440682477648,27.97279167175293,203998000
2015-07-24,28.00855950639645,28.102427554083405,27.691195132707254,27.82529258728028,168649200
2015-07-27,27.51016508078476,27.626384138415112,27.29337505220313,27.43864631652832,177822000
2015-07-28,27.5749740600586,27.69342853644598,27.389473419028683,27.5749740600586,134472400
2015-07-29,27.52356272291417,27.601786067096366,27.326884937380648,27.487802505493164,148046800
2015-07-30,27.338061947167738,27.39393601112983,27.20172909468894,27.3492374420166,134513200
2015-07-31,27.40064586489844,27.409585921458618,27.02293827979416,27.1101016998291,171540000
2015-08-03,27.154801556837054,27.39394253937885,26.2652854963179,26.470903396606445,279904000
2015-08-04,26.2429358209001,26.305514513708847,25.310956634838035,25.62161636352539,496554400
2015-08-05,25.243908296854705,26.2474079868436,25.053936768630475,25.791475296020508,397250400
2015-08-06,26.036188514842937,26.15517746013189,25.620849129507224,25.84760093688965,211612000
2015-08-07,25.724125250096066,26.09905317276029,25.70616420026712,25.93516159057617,154681600
2015-08-10,26.16191090980499,26.938708204443447,26.16191090980499,26.87809181213379,219806400
2015-08-11,26.449278636773293,26.53234718735069,25.44348407141561,25.47940444946289,388331200
2015-08-12,25.2638753227172,25.912703058030736,24.61280202865996,25.872291564941406,404870000
2015-08-13,26.051906618614048,26.132729629726832,25.715144643264114,25.852094650268555,194143200
2015-08-14,25.665748373713377,26.1125187076189,25.59615145841796,26.0339412689209,171718000
2015-08-17,26.05189905602863,26.41335694167236,25.93066457455252,26.30334854125977,163538800
2015-08-18,26.1394587685389,26.36621226099731,26.04516584754576,26.155174255371094,138242800
2015-08-19,26.065366702875668,26.1596596092665,25.74656589772991,25.82065391540528,193146000
2015-08-20,25.611865582992174,25.67248197165876,25.06182011566237,25.29081916809082,274006400
2015-08-21,24.79241106083701,25.122437995754048,23.7192634172698,23.743959426879883,513102000
2015-08-24,21.29907154680232,24.426467610439584,20.65473306183087,23.151262283325195,648825200
2015-08-25,24.945075030341155,24.945075030341155,23.236569628816785,23.290451049804688,414406400
2015-08-26,24.042552150961185,24.67117500740738,23.584557504900065,24.62627410888672,387098400
2015-08-27,25.19652350705073,25.423275263018773,24.700359518356937,25.35143280029297,338464400
2015-08-28,25.183052168971024,25.43899105254729,25.04161280052923,25.43450164794922,212657600
2015-08-31,25.151620180114747,25.712889939424134,25.144885217060533,25.31551170349121,224917200
2015-09-01,24.729546676730013,25.117944402577248,24.103169401079747,24.18399238586425,307383600
2015-09-02,24.74750986033989,25.22122001647949,24.50054976722405,25.22122001647949,247555200
2015-09-03,25.254892015721506,25.31999950923371,24.704848371471137,24.7789363861084,212935600
2015-09-04,24.464631066021123,24.7969018657635,24.36135761675743,24.531982421875,199985200
2015-09-08,25.08875368392908,25.27060450479836,24.7677073714056,25.2144775390625,219374400
2015-09-09,25.54001728158424,25.59838809797852,24.644229594036617,24.72954368591309,340043200
2015-09-10,24.75648687238155,25.432256171737155,24.67342004060185,25.272855758666992,251571200
2015-09-11,25.097739695285533,25.641048431396484,25.09100473198109,25.641048431396484,199662000
2015-09-14,26.17313606815512,26.242732981471587,25.78698213712246,25.88801002502441,233453600
2015-09-15,26.027200319848728,26.161904714193977,25.688192919006728,26.10577774047852,173364800
2015-09-16,26.0990495240165,26.164157035899155,25.91719863028686,26.134971618652344,148694000
2015-09-17,25.96658415194516,26.152924404414776,25.53103828427493,25.5759391784668,256450400
2015-09-18,25.19204095058616,25.661263532890064,25.11570905737634,25.470430374145508,297141200
2015-09-21,25.519818085510373,25.901482625535643,25.517574239285192,25.86556053161621,200888000
2015-09-22,25.45471069455325,25.63431773927507,25.26163372097819,25.45920181274414,201384800
2015-09-23,25.51083566782204,25.755550204113632,25.436749352118696,25.665746688842773,143026800
2015-09-24,25.42552389061969,25.930666749373724,25.227957522492023,25.81841278076172,200878000
2015-09-25,26.141701050447217,26.19782802679197,25.598390617656875,25.7533016204834,224607600
2015-09-28,25.560226698067176,25.72187267672953,25.243671417236328,25.243671417236328,208436000
2015-09-29,25.331228565945214,25.48389401729487,24.215423949694586,24.484832763671875,293461600
2015-09-30,24.73403652296381,25.04161298237844,24.410746290912083,24.76322364807129,265892000
2015-10-01,24.48708583632217,24.610565913119785,24.09195130342979,24.6015853881836,255716400
2015-10-02,24.24909870975108,24.92262240839427,24.14582528150224,24.78118133544922,232079200
2015-10-05,24.66892757739279,25.00344558357738,24.48707672546084,24.87098503112793,208258800
2015-10-06,24.83731711068128,25.086521104505835,24.64424011163054,24.98998260498047,192787200
2015-10-07,25.086512410825627,25.093247373806907,24.56341030258716,24.87098503112793,187062400
2015-10-08,24.73852918280042,24.73852918280042,24.29400273083314,24.5836181640625,247918400
2015-10-09,24.69587180494445,25.20774960102577,24.58137228333904,25.17182922363281,211064400
2015-10-12,25.30877542810136,25.31326483228492,25.01916004177201,25.05508041381836,121868800
2015-10-13,24.879967220431244,25.2459145074382,24.848536249172213,25.097740173339844,132197200
2015-10-14,24.98548808286365,25.03712394828069,24.597088604901675,24.743019104003903,177849600
2015-10-15,24.90466806947253,25.16734197156676,24.8058840189647,25.113460540771484,150694000
2015-10-16,25.095496735919284,25.14488875574704,24.81486181677032,24.92936134338379,156930400
2015-10-19,24.875476153189293,25.0887579743149,24.72056515315236,25.08426856994629,119036800
2015-10-20,24.996708765455946,25.63206653358358,24.87996541110645,25.54226303100586,195871200
2015-10-21,25.593903318484763,25.94862624924829,25.526550256187043,25.540021896362305,167180800
2015-10-22,25.66799021425185,25.9306640625,25.61635264038265,25.9306640625,166616400
2015-10-23,26.200073662689697,26.76808014090915,26.11700682825398,26.73440361022949,237467600
2015-10-26,26.50990005092704,26.52112442109389,25.80045408256619,25.881277084350582,265335200
2015-10-27,25.90821958132692,26.16415852516625,25.59166252755416,25.71738815307617,279537600
2015-10-28,26.25171183088282,26.78379623162936,26.05638931881799,26.77705955505371,342205600
2015-10-29,26.649096053212293,27.09586815849612,26.552557555064425,27.059946060180664,204909200
2015-10-30,27.16320774193074,27.214845307647234,26.81746540347452,26.828691482543945,197461200
2015-11-02,27.12055538078172,27.246279258408084,26.85339042796631,27.205867767333984,128813200
2015-11-03,27.11830910887912,27.72447974618764,27.098102507443866,27.517932891845703,182076000
2015-11-04,27.64366222941985,27.79857325722124,27.30465647090154,27.389968872070312,179544400
2015-11-05,27.473384720633064,27.66277948837272,27.0968520759656,27.26369857788086,158210800
2015-11-06,27.30654123926184,27.464368796343848,27.19606194930443,27.29526710510254,132169200
2015-11-09,27.27272049186438,27.464368730775384,27.0675446681476,27.18478775024414,135485600
2015-11-10,26.35731498786991,26.621113190364337,26.16792021569025,26.3280029296875,236511600
2015-11-11,26.23781589096949,26.47455719824885,25.97627114747097,26.1791934967041,180872000
2015-11-12,26.21301240399981,26.339274426018584,26.0754762499332,26.091259002685547,130102400
2015-11-13,25.974021066496764,26.05744519313716,25.31339700688268,25.329179763793945,183249600
2015-11-16,25.112729637200463,25.757570936007227,25.02705206022718,25.744043350219727,152426800
2015-11-17,25.910893680503573,25.94020574759523,25.55014367169333,25.6335678100586,110467600
2015-11-18,26.10028615365863,26.49034647415032,26.04166374496005,26.445253372192383,186698800
2015-11-19,26.524165955037567,26.99990555589241,26.32575390717344,26.781200408935547,173183200
2015-11-20,26.875900670825235,27.03823860527076,26.79698687496748,26.8984489440918,137148400
2015-11-23,26.89168132115932,26.99539855351517,26.45652617219215,26.548969268798828,129930000
2015-11-24,26.45426758455137,26.90971402520276,26.406919319943405,26.80374336242676,171212800
2015-11-25,26.878152111664143,26.882662453768145,26.58729697285016,26.612098693847656,85553200
2015-11-27,26.67072012199256,26.69777701305003,26.5151460087471,26.5624942779541,52185600
2015-11-30,26.60308090334649,26.9232481193852,26.548968837052,26.67297744750977,156721200
2015-12-01,26.774435917960403,26.787963503541896,26.348299770228813,26.456523895263672,139409600
2015-12-02,26.456520059808778,26.630132077162514,26.17243048263372,26.2175235748291,133546400
2015-12-03,26.278402505713583,26.33251456319544,25.753059525428,25.974018096923828,166278000
2015-12-04,25.9943167567547,26.88717363715028,25.953732274909825,26.837570190429688,231108000
2015-12-07,26.82629969905089,27.02471177997605,26.56249968803784,26.66847038269043,128336800
2015-12-08,26.497111568669016,26.74061845965999,26.34830294874675,26.657196044921875,137238000
2015-12-09,26.524164432155672,26.535438566581163,25.94696452955152,26.06871795654297,185445600
2015-12-10,26.163411982131223,26.366334340975893,26.04391373753137,26.19272232055664,116850800
2015-12-11,25.971766795399063,26.016859893666684,25.444168600672462,25.518573760986328,187544800
2015-12-14,25.29310501557588,25.40583948226677,24.754234402408738,25.360746383666992,257274800
2015-12-15,25.23899267317512,25.43289609134729,24.880496178576283,24.91206169128418,213292400
2015-12-16,25.042836222258064,25.250267243532736,24.53102246234467,25.10371208190918,224954000
2015-12-17,25.257037584077185,25.308896212934727,24.57161331176757,24.57161331176757,179091200
2015-12-18,24.55582289566044,24.693357365445674,23.856867810785342,23.906471252441406,385813200
2015-12-21,24.18830891790171,24.208602018100272,23.802757216044903,24.199583053588867,190362400
2015-12-22,24.21536177334121,24.28751175720932,24.001165272345258,24.177032470703125,131157600
2015-12-23,24.186049021736263,24.54229030947934,24.17026626697252,24.488178253173828,130629600
2015-12-24,24.576111739027382,24.576111739027382,24.33936869016207,24.357406616210938,54281600
2015-12-28,24.25819738800715,24.28074565347477,23.9402871431691,24.08458709716797,106816800
2015-12-29,24.1161522240276,24.673060656543264,24.09360567910691,24.517486572265625,123724800
2015-12-30,24.4814160775029,24.5084712473463,24.16575924119607,24.197324752807617,100855200
2015-12-31,24.12742538401558,24.13193400474153,23.63364798525828,23.73285484313965,163649200
2016-01-04,23.13536656617872,23.75766128175527,22.997830384109424,23.753150939941406,270597600
2016-01-05,23.84334091401202,23.86588746445505,23.09027546402736,23.157915115356445,223164000
2016-01-06,22.67315403228967,23.08125394699571,22.517581647305203,22.70471954345703,273829600
2016-01-07,22.24927163523591,22.576200859718405,21.741966598506444,21.74647521972656,324377600
2016-01-08,22.21996579516317,22.346227857182512,21.8163761667038,21.861469268798828,283192000
2016-01-11,22.314657152634663,22.334948527801405,21.94714174727492,22.215450286865234,198957600
2016-01-12,22.67089986748918,22.70246537766221,22.285346512877528,22.537872314453125,196616800
2016-01-13,22.61904385892593,22.81520245484089,21.93812842101598,21.958419799804688,249758400
2016-01-14,22.086938192270384,22.655120911036093,21.58639684675493,22.43866920471192,252680400
2016-01-15,21.69010747919335,22.030565999647063,21.50071442899628,21.89979362487793,319335600
2016-01-19,22.18839767456103,22.242509734760187,21.53228227890464,21.79382705688477,212350800
2016-01-20,21.442094252649422,22.13879411984888,21.06330639285927,21.823137283325195,289337600
2016-01-21,21.884018838261724,22.0689033346586,21.40602569743616,21.71266365051269,208646000
2016-01-22,22.237999297531434,22.876076763652687,22.179378615980323,22.86705780029297,263202000
2016-01-25,22.88960743259229,22.891862603783903,22.368774699782414,22.42063331604004,207178000
2016-01-26,22.53111390721268,22.74530873746368,22.111741491608417,22.544641494750977,300308000
2016-01-27,21.654039939872764,21.78706580558781,21.04527269284401,21.063310623168945,533478800
2016-01-28,21.1467310808786,21.31132243592467,20.83107423588885,21.214370727539062,222715200
2016-01-29,21.37220070584501,21.947145462036133,21.27299382328388,21.947145462036133,257666000
2016-02-01,21.750985210044487,21.80509726476864,21.509733554168285,21.7419662475586,163774000
2016-02-02,21.514242919287195,21.65403426236576,21.257208500220127,21.302303314208984,149428800
2016-02-03,21.41955141851708,21.834413483457404,21.21212038604691,21.723934173583984,183857200
2016-02-04,21.73072950888564,22.063967550836807,21.578846044582523,21.898481369018555,185886800
2016-02-05,21.880342806026064,21.971020083414807,21.23880483021804,21.31361198425293,185672400
2016-02-08,21.11186118527786,21.69446054534972,21.09145970080707,21.53804397583008,216085600
2016-02-09,21.37482622276702,21.748869022008886,21.293216821858767,21.533510208129883,177324800
2016-02-10,21.74433936628749,21.84181718886711,21.33175917689785,21.370296478271484,169374400
2016-02-11,21.261480638674737,21.47230464218728,20.989448717950868,21.241077423095703,200298800
2016-02-12,21.352155614340887,21.42242969799724,21.08465853940709,21.30681610107422,161405600
2016-02-16,21.54030854448596,21.95515600260538,21.44736557080993,21.90755081176757,196231600
2016-02-17,21.91434849946308,22.263454917085824,21.796469241466266,22.243053436279297,179452800
2016-02-18,22.40627425792121,22.417609568857365,21.78287020599631,21.821409225463867,156084000
2016-02-19,21.76246606432793,21.93475273827098,21.717128285170748,21.771533966064453,141496800
2016-02-22,21.83274144338526,21.966490840071422,21.744331558086568,21.96195602416992,137123200
2016-02-23,21.853145543375017,21.87581443522661,21.43376499078097,21.46550178527832,127770400
2016-02-24,21.30455044212464,21.848610765619725,21.154932642495577,21.785137176513672,145022800
2016-02-25,21.77381151535535,21.93476295471192,21.592456855207168,21.93476295471192,110330800
2016-02-26,22.03450263155408,22.220390347611303,21.89395443741686,21.96876335144043,115964400
2016-02-29,21.957421562465143,22.26799071029583,21.909816375634232,21.91888427734375,140865200
2016-03-01,22.13651325835009,22.84379244112926,22.084373245235227,22.78938674926757,201628400
2016-03-02,22.7848486992614,22.87099117007269,22.587625731123904,22.83925437927246,132678400
2016-03-03,22.80071887216248,23.05688062631293,22.771247757318044,23.009275436401367,147822800
2016-03-04,23.206492908208507,23.519327680266382,22.979800593217988,23.35157585144043,184220400
2016-03-07,23.211034191665604,23.310779398939523,22.88686399755109,23.09315490722656,143315600
2016-03-08,22.846057846606428,23.06821714064854,22.75991536458328,22.90273094177246,126247600
2016-03-09,22.96620613670517,23.02741405229656,22.73044583679451,22.92313575744629,108806800
2016-03-10,22.98887090754598,23.177024234308025,22.70323807639505,22.93446350097656,134054400
2016-03-11,23.17702760773592,23.18609551015065,23.009275736877065,23.18156242370605,109632800
2016-03-14,23.10221875093738,23.32891110616028,23.072747637862136,23.24049949645996,100304400
2016-03-15,23.56693722237675,23.843502174596225,23.54200092474873,23.70748710632324,160270800
2016-03-16,23.71429452538987,24.099670952955726,23.7097597083921,24.02259635925293,153214000
2016-03-17,23.92058114834464,24.13593996481169,23.79363395852878,23.98405647277832,137682800
2016-03-18,24.10646755890895,24.14273917093432,23.8457726979607,24.01125717163086,176820800
2016-03-21,24.01352814356544,24.40343938307577,23.834440924044944,24.008995056152344,142010800
2016-03-22,23.85937361041647,24.32182628508781,23.850305707439503,24.192611694335938,129777600
2016-03-23,24.13820257886179,24.27195023734985,24.006720598652056,24.05885887145996,102814000
2016-03-24,23.90923872115492,24.086058449993207,23.777756763471285,23.95457649230957,104532000
2016-03-28,24.029395906310253,24.07246801845852,23.81630448350413,23.845775604248047,77645600
2016-03-29,23.7777625319558,24.43517075033608,23.775495123990456,24.410234451293945,124760400
2016-03-30,24.63012329799475,25.03136798224244,24.61878798908748,24.83641242980957,182404400
2016-03-31,24.87269103591645,24.91349573813298,24.68226851573072,24.707204818725582,103553600
2016-04-01,24.65959375818387,24.93615870417239,24.52811177902123,24.93389129638672,103496000
2016-04-04,25.031373946976785,25.43262045636295,24.99736974167742,25.190059661865234,149424800
2016-04-05,24.82508832565507,25.1016533651086,24.80468510773956,24.89309501647949,106314800
2016-04-06,24.988305030062563,25.15832433698267,24.754810395757254,25.153789520263672,105616400
2016-04-07,24.924825622431,25.03137131404998,24.509979895896688,24.60519027709961,127207600
2016-04-08,24.689067885533632,24.8840217407718,24.52131427941791,24.63239479064941,94326800
2016-04-11,24.702672840869106,25.074448264636043,24.67093604100065,24.714006423950195,117630000
2016-04-12,24.786544736323343,25.04950873511771,24.63239557368264,25.035907745361328,108929200
2016-04-13,25.117514925595028,25.466619648378188,25.117514925595028,25.39861297607422,133029200
2016-04-14,25.303406708694705,25.47795909844938,25.2376657041174,25.41221809387207,101895600
2016-04-15,25.414484023705413,25.457556131325564,24.874956757233623,24.902158737182617,187756000
2016-04-18,24.684535982504062,24.69813697343318,24.242486482049816,24.36490058898925,243286000
2016-04-19,24.45557167471268,24.482775381098627,24.08153065667739,24.23568153381348,129539600
2016-04-20,24.174474201468847,24.50317744619985,24.04299221176624,24.285552978515625,122444000
2016-04-21,24.24022087794581,24.24022087794581,23.92058373111425,24.02259635925293,126210000
2016-04-22,23.80496657703028,24.13820464212083,23.716556689907343,23.956850051879883,134732400
2016-04-25,23.80269930848993,23.95004969773332,23.69162052931747,23.82083511352539,112126400
2016-04-26,23.555598662151777,23.870700833350465,23.555598662151777,23.65534210205078,224064800
2016-04-27,21.76247063225156,22.376806835264738,21.68992913265842,22.17505073547364,458408400
2016-04-28,22.12744464302586,22.18865082821076,21.365758063359937,21.49724006652832,328970800
2016-04-29,21.30681805814076,21.472304270094504,20.971314276778763,21.250144958496094,274126000
2016-05-02,21.30228311273725,21.327219412767505,20.94637614719932,21.227474212646484,192640400
2016-05-03,21.354424537358057,21.70353105968799,21.236545244005825,21.576583862304688,227325200
2016-05-04,21.581115670263795,21.73980138711214,21.268280782602496,21.35215759277344,164102000
2016-05-05,21.438821402530515,21.454786412696134,21.137765682224863,21.265485763549805,143562000
2016-05-06,21.295134329047688,21.313378810356333,20.948463083351843,21.146886825561523,174799600
2016-05-09,21.210752093520146,21.38636723232578,21.117241490999312,21.162857055664062,131745600
2016-05-10,21.28602146104716,21.340758411423,21.00777254154752,21.306547164916992,134747200
2016-05-11,21.320227820722074,21.3407535198872,21.087592789848767,21.098997116088867,114876400
2016-05-12,21.14688829098616,21.160572087929754,20.405652462245044,20.60407447814941,305258800
2016-05-13,20.52652748668164,20.90740819021013,20.52652748668164,20.645124435424805,177571200
2016-05-16,21.071625589084583,21.527770750428644,20.902852366602875,21.411453247070312,245039200
2016-05-17,21.56426215058034,21.59847164397407,21.21303018460794,21.3225040435791,187667600
2016-05-18,21.475312136477346,21.7147872698688,21.413731573565634,21.566539764404297,168249600
2016-05-19,21.58479044200801,21.58479044200801,21.340752832807443,21.484437942504883,121768400
2016-05-20,21.584789018049523,21.76496656660928,21.55741968179356,21.717071533203125,128104000
2016-05-23,21.865323782862813,22.166379586489988,21.81970821258228,21.993043899536133,152074400
2016-05-24,22.173211089954307,22.371633072451875,22.08654241708845,22.32830047607422,140560800
2016-05-25,22.503920600732343,22.74795818684745,22.376200515305563,22.720590591430664,152675200
2016-05-26,22.73427642676213,22.973753348456786,22.49708071824189,22.90077018737793,225324800
2016-05-27,22.679539800682896,22.914454299236763,22.636205450056355,22.8870849609375,145364800
2016-05-31,22.716030227631464,22.898489000566585,22.538133881050424,22.77532958984375,169228800
2016-06-01,22.58375000198343,22.702348738474534,22.426381077873,22.456029891967773,116693200
2016-06-02,22.25987928056889,22.314616202276127,22.038648641097303,22.287248611450195,160766400
2016-06-03,22.303219764467705,22.41269363804458,22.22567417563289,22.332868576049805,114019600
2016-06-06,22.3488342385744,23.23831775252681,22.24848347488571,22.49480056762696,93170000
2016-06-07,22.63620721418083,22.777612862996868,22.57006594651152,22.586030960083008,89638000
2016-06-08,22.58374474225539,22.70690413682509,22.50620090496461,22.56550025939941,83392400
2016-06-09,22.46515221464897,22.8049799182945,22.45602910138961,22.727436065673828,106405600
2016-06-10,22.47199613929585,22.65901562782329,22.460593551736235,22.54041862487793,126851600
2016-06-13,22.508481857158543,22.60655312910292,22.145845576227288,22.20058250427246,152082000
2016-06-14,22.196022935848493,22.460587958152097,22.06602163766294,22.22795295715332,127727600
2016-06-15,22.31006151297956,22.444625250907382,22.12988395137957,22.154972076416016,117780800
2016-06-16,21.99760239641242,22.294097483519963,21.910935431592268,22.24848365783692,125307200
2016-06-17,22.036374652097685,22.043216551506703,21.73531889771012,21.74216079711914,244032800
2016-06-20,21.89497444313241,22.02497578428626,21.6737436937876,21.6897087097168,137647600
2016-06-21,21.65321047429848,21.97479189497669,21.59391111854967,21.874441146850582,142185600
2016-06-22,21.951987540053324,22.097953863452847,21.74672185400529,21.79233741760254,116876400
2016-06-23,21.881281588943867,21.96110663556737,21.72391096841788,21.91777229309082,128960800
2016-06-24,21.19022209195291,21.589349066436508,21.130922739956947,21.301977157592773,301245600
2016-06-27,21.2107555562408,21.222159884282743,20.86864659565627,20.99180603027344,181958400
2016-06-28,21.187943220155887,21.36127886972703,21.014607570584744,21.34531211853028,161779600
2016-06-29,21.43198470207893,21.56426724128149,21.35443910528377,21.53005599975586,146124000
2016-06-30,21.539181897234005,21.84251720315586,21.507251865031705,21.80374526977539,143345600
2016-07-01,21.778655090373785,22.002167034823863,21.74216437417023,21.8698844909668,104106000
2016-07-05,21.75584501845912,21.75812623165836,21.543737432381075,21.66461563110352,110820800
2016-07-06,21.57566367606689,21.81742177120235,21.52320796206736,21.787771224975582,123796400
2016-07-07,21.82654794220152,22.009006725063795,21.808303455960026,21.88128662109375,100558400
2016-07-08,22.006720208172048,22.097949577617022,21.90636946783252,22.0500545501709,115648400
2016-07-11,22.06602892919508,22.27129466259419,22.061468241811205,22.118486404418945,95179600
2016-07-12,22.16181196420033,22.28269015200899,22.150409379345284,22.21883010864257,96670000
2016-07-13,22.2165508202822,22.275848438154696,22.086547779420336,22.09339141845703,103568800
2016-07-14,22.211989979343457,22.576905784835496,22.196024967229924,22.53129196166992,155676000
2016-07-15,22.560942707018345,22.64761141454175,22.465152626124446,22.52901268005371,120548000
2016-07-18,22.51076289454818,22.836906752747325,22.48795598461548,22.76848602294922,145975600
2016-07-19,22.706907090842087,22.80725958985531,22.65673084133548,22.7776107788086,95119600
2016-07-20,22.807255053577112,22.91216821801691,22.74795570322228,22.798131942749023,105104000
2016-07-21,22.76848692122754,23.035331432084845,22.60883506528855,22.6772575378418,130808000
2016-07-22,22.63848926900573,22.64761238282225,22.42181923098964,22.50164604187012,113254800
2016-07-25,22.408129372362747,22.54269134965205,22.10479244517952,22.20058250427246,161531600
2016-07-26,22.081992233524726,22.34427610920168,21.990762832412383,22.047780990600582,224959200
2016-07-27,23.781127765258628,23.79937398974331,23.43445820032841,23.48007202148437,369379200
2016-07-28,23.452702211047583,23.82217865167987,23.450420998188395,23.797090530395508,159479200
2016-07-29,23.76288583136153,23.84499211029952,23.64656831285671,23.767446517944336,110934800
2016-08-01,23.813062417100653,24.209908277480626,23.813062417100653,24.187101364135746,152671600
2016-08-02,24.18709916975644,24.19165985598927,23.719549658353124,23.829025268554688,135266400
2016-08-03,23.904289969174723,24.139204481737742,23.895166855864243,24.1278018951416,120810400
2016-08-04,24.21034828408122,24.3066572608997,24.14155515807838,24.27684783935547,109634800
2016-08-05,24.36857557038151,24.68502192717648,24.347938677276947,24.646039962768555,162213600
2016-08-08,24.655207251081908,24.8501205444336,24.572657940892707,24.8501205444336,112148800
2016-08-09,24.81801430074646,24.980822827822333,24.767566243163152,24.951011657714844,105260800
2016-08-10,24.92808642374439,24.971655527966504,24.71024440159817,24.765277862548828,96034000
2016-08-11,24.884514650575184,24.97853181286932,24.73087864092973,24.749223709106445,109938000
2016-08-12,24.71482738730841,24.866171577035363,24.71482738730841,24.80655097961425,74641600
2016-08-15,24.797378630687337,25.11841033141512,24.783620704057384,25.10465240478516,103472800
2016-08-16,25.139055026299925,25.27664133324408,25.04274601102508,25.081727981567383,135177600
2016-08-17,25.017516802968903,25.079430978199323,24.843242133130595,25.045034408569336,101424000
2016-08-18,25.047328393929245,25.13217128433969,24.999172145961616,25.01293182373047,87938800
2016-08-19,24.94184049417361,25.15280526924121,24.847825085818176,25.077133178710938,101472400
2016-08-22,24.96247870316029,25.017512154653595,24.73087704346489,24.882221221923828,103280800
2016-08-23,24.90056540957308,25.06796109012888,24.886807483589457,24.960186004638672,85030800
2016-08-24,24.895976604998776,24.937252126774084,24.691892566632447,24.77215003967285,94700400
2016-08-25,24.62539241746317,24.73775287698104,24.4625839048405,24.666667938232425,100344800
2016-08-26,24.629986171859084,24.753811017933824,24.377745838605023,24.5222110748291,111065200
2016-08-29,24.448832831058173,24.63686542291551,24.373160730199427,24.49469375610352,99881200
2016-08-30,24.260796872456613,24.421311837322307,24.192003744953084,24.30665779113769,99455600
2016-08-31,24.228697365586857,24.437366849936303,24.2241102233696,24.32959175109864,118649600
2016-09-01,24.338757853910355,24.49010201640468,24.21951843000592,24.474050521850582,106806000
2016-09-02,24.69648842617786,24.7652815747897,24.49469787278955,24.703369140625,107210000
2016-09-06,24.74235010713721,24.83407371841363,24.65292006725035,24.69648742675781,107521600
2016-09-07,24.72629678626044,24.93955342325019,24.55202211261192,24.847829818725582,169457200
2016-09-08,24.593296152867563,24.59788154554817,24.13238633651127,24.196592330932617,212008000
2016-09-09,23.994805846819244,24.242459080778744,23.648550033569336,23.648550033569336,186228000
2016-09-12,23.53847947781556,24.2424553544774,23.510961872888974,24.17824935913086,181171200
2016-09-13,24.652922198023937,24.946436379891274,24.59100801153105,24.75381660461425,248704800
2016-09-14,24.932667644437544,25.918691312499448,24.9028564751628,25.629762649536133,443554800
2016-09-15,26.1090163844229,26.537823095187903,26.02417177067789,26.50113296508789,359934400
2016-09-16,26.39795351292414,26.6295534729976,26.1503003036655,26.35209083557129,319547600
2016-09-19,26.413999319201167,26.64101383734844,25.96914106691821,26.04481315612793,188092000
2016-09-20,25.923281082326604,26.16864067629524,25.79945449992908,26.04252052307129,138057200
2016-09-21,26.106730461521728,26.13883346002252,25.78340690534032,26.03793907165528,144012800
2016-09-22,26.22137860905008,26.356671286037106,26.14112113091294,26.283292770385746,124296000
2016-09-23,26.23742870463257,26.322273319554085,25.5793156695435,25.84531211853028,209924800
2016-09-26,25.5999605363513,26.00124978020245,25.57932364356187,25.884302139282227,119477600
2016-09-27,25.911818171330747,25.95309370388384,25.760473968808707,25.93245506286621,98429600
2016-09-28,26.070036994964525,26.28787897802316,26.010416402434487,26.12965583801269,118564400
2016-09-29,25.948500435464,26.095257451225304,25.63664133960083,25.723777770996094,143548000
2016-09-30,25.787989928201096,25.996661148760825,25.636647484818017,25.923282623291016,145516400
2016-10-03,25.845315466780058,25.92328112968327,25.7467129148472,25.801746368408203,86807200
2016-10-04,25.925575478019944,26.21221062791661,25.826972916476205,25.91181755065918,118947200
2016-10-05,26.003540112167048,26.063160710824405,25.840731563452227,25.923282623291016,85812400
2016-10-06,26.07233093971981,26.21908798752984,25.941625389342697,26.11590003967285,115117200
2016-10-07,26.21221136998116,26.26953840158341,26.028765918543243,26.154884338378903,97433600
2016-10-10,26.375019129437028,26.77172294585872,26.30622774329112,26.611207962036133,144944000
2016-10-11,26.989565203085945,27.216581503017665,26.645603020806263,26.668535232543945,256164000
2016-10-12,26.909302695398605,27.05376790470084,26.7717181980246,26.90700912475586,150347200
2016-10-13,26.78089379084409,26.92994440897911,26.53553418849209,26.824462890625,140769600
2016-10-14,27.03083776627149,27.09733732414676,26.85885669401951,26.9735107421875,142608800
2016-10-17,26.9047197086266,27.021665579633385,26.778599554228744,26.955167770385746,94499600
2016-10-18,27.09963335180484,27.106512315401456,26.932237656531512,26.936824798583984,98214000
2016-10-19,26.8863768083088,27.00332443822551,26.09526450180172,26.8565673828125,80138400
2016-10-20,26.79694303772596,26.916182472530696,26.67541003220906,26.842803955078125,96503200
2016-10-21,26.785478251419725,26.80841046070586,26.66394523992373,26.737323760986328,92770800
2016-10-24,26.85198155958697,26.998738622207984,26.82905109658035,26.97810173034668,94154800
2016-10-25,27.046889472701864,27.14090663267976,26.90013242986774,27.11568260192871,192516000
2016-10-26,26.212206075943968,26.53094416731892,25.982897995847928,26.505720138549805,264536800
2016-10-27,26.459865399464192,26.567640502186865,26.16405769714522,26.251195907592773,138248000
2016-10-28,26.111312303659133,26.41858429821849,26.01500157822421,26.0769157409668,151446800
2016-10-31,26.06086665557682,26.193865777232485,25.95767695795487,26.035642623901367,105677600
2016-11-01,26.017292738630605,26.08837767865594,25.345420040947253,25.56555557250977,175303200
2016-11-02,25.54492408808244,25.762766095213102,25.50594212882445,25.588491439819336,113326800
2016-11-03,25.5792752247768,25.68990725262013,25.24968097111685,25.31421661376953,107730400
2016-11-04,25.014582948234988,25.411018161450443,24.91777949155612,25.08603286743164,123348000
2016-11-07,25.37183634410256,25.47094514851172,25.22893474565132,25.44789695739746,130240000
2016-11-08,25.424845594318786,25.749830873894304,25.28424935033473,25.59770965576172,97016800
2016-11-09,25.325737494034183,25.657637063868663,24.90395050891112,25.55622291564941,236705600
2016-11-10,25.6046215890325,25.6046215890325,24.39226968204097,24.84402084350586,228538000
2016-11-11,24.689599836882564,25.09294933843888,24.55822321242851,24.99153518676757,136575600
2016-11-14,24.825581457788623,24.848629645385405,23.98892011462399,24.36461067199707,204702000
2016-11-15,24.5628316658626,24.818670628226734,24.46833355603728,24.687294006347656,129058000
2016-11-16,24.59279597647149,25.40641106445219,24.569747783947065,25.351093292236328,235362000
2016-11-17,25.30959963358799,25.434061952845173,25.083724940408025,25.34186744689941,110528000
2016-11-18,25.28886334695961,25.477861341821512,25.275034782946232,25.36722755432129,113715600
2016-11-21,25.381062090539515,25.81206881951288,25.35570854666289,25.75214385986328,117058400
2016-11-22,25.802843808466104,25.91117224453741,25.67607787398223,25.768272399902344,103862000
2016-11-23,25.6668566978442,25.70142986278753,25.429456994878407,25.63689422607422,109705600
2016-11-25,25.61384329154509,25.78440376311213,25.572355846902315,25.76596450805664,45903600
2016-11-28,25.682989827276327,25.92269486955125,25.673770199673733,25.71525764465332,108776000
2016-11-29,25.53317311214173,25.82127987095984,25.369528684148737,25.689903259277344,114115200
2016-11-30,25.72217990456277,25.86047084457013,25.41563378592891,25.473255157470703,144649200
2016-12-01,25.43867576277433,25.570052378346286,25.1298243937763,25.23584747314453,148347600
2016-12-02,25.16209951585036,25.374145736145948,25.08834423233603,25.33035469055176,106112000
2016-12-05,25.35339773415864,25.36031201582276,24.95004822475157,25.148265838623047,137298000
2016-12-06,25.2381497267504,25.4363672990714,25.166699819912807,25.34186744689941,104782000
2016-12-07,25.18283898036046,25.6276759377741,25.15979078868156,25.590797424316406,119994800
2016-12-08,25.551619294880005,25.91348141173336,25.49169258042718,25.84203147888184,108273200
2016-12-09,25.885817069046983,26.436677084543792,25.885817069046983,26.263813018798828,137610400
2016-12-12,26.11169115936893,26.505820982086885,25.92730213610792,26.113996505737305,105497600
2016-12-13,26.23845913893912,26.717869230371825,26.217716295383603,26.54961585998535,174935200
2016-12-14,26.515042695595305,26.782404866052342,26.501214133224963,26.54961585998535,136127200
2016-12-15,26.59340815995195,26.904564895814616,26.558836752379893,26.694822311401367,186098000
2016-12-16,26.844639540335297,26.85155382219702,26.65564154943609,26.72939682006836,177404400
2016-12-19,26.690212668950327,27.054378300614168,26.67868769442234,26.883819580078125,111117600
2016-12-20,26.906872844999217,27.082042291767102,26.8930442797291,26.95527458190918,85700000
2016-12-21,26.920704010265048,27.05899494268281,26.91609331605451,26.98062896728516,95132800
2016-12-22,26.816980648070743,26.853859162610323,26.653336196346185,26.803152084350582,104343600
2016-12-23,26.641811492731268,26.856163024902344,26.641811492731268,26.856163024902344,56998000
2016-12-27,26.85616147042896,27.15118429728592,26.849247188898552,27.026721954345703,73187600
2016-12-28,27.08665337418372,27.201896116474003,26.78241260487596,26.91148567199707,83623600
2016-12-29,26.84003031451712,26.99215155765104,26.8285070969389,26.90456771850586,60158000
2016-12-30,26.88612563946668,27.01289157031417,26.60493313478548,26.694822311401367,122345200
2017-01-03,26.690215911425863,26.81237291902027,26.45051083152964,26.770885467529297,115127600
2017-01-04,26.701737011653545,26.85385824121325,26.67868882008931,26.74091911315918,84472400
2017-01-05,26.717868039905976,26.934524885863468,26.692514504380565,26.876903533935547,88774400
2017-01-06,26.916086911538507,27.2341579147274,26.844636994457726,27.1765365600586,127007600
2017-01-09,27.185753866605072,27.5268730529074,27.183450278560223,27.42545890808105,134247600
2017-01-10,27.3747533185802,27.51534956935505,27.266426645287005,27.4531192779541,97848400
2017-01-11,27.367837142264168,27.64211534338616,27.335569325480893,27.60062789916992,110354400
2017-01-12,27.40471635076029,27.49691086897648,27.24568085079896,27.48538589477539,108344800
2017-01-13,27.4531170167003,27.570665066846857,27.38397069109312,27.436983108520508,104447600
2017-01-17,27.275647923726257,27.71357064028986,27.247990794520103,27.65825462341309,137759200
2017-01-18,27.65824635575437,27.773489048903343,27.59140538271229,27.655941009521484,94852000
2017-01-19,27.519958215498,27.678991952121173,27.513043934574924,27.607542037963867,102389200
2017-01-20,27.761972374865096,27.761972374865096,27.59602432423477,27.65825462341309,130391600
2017-01-23,27.65824798657816,27.84494059777907,27.605235570879703,27.676687240600582,88200800
2017-01-24,27.55453131295245,27.6812972326566,27.54300633913202,27.65133476257324,92844000
2017-01-25,27.75505000095624,28.142265523135183,27.722782187313324,28.0915584564209,129510400
2017-01-26,28.04316040840509,28.220635165146643,28.02702649947078,28.105392456054688,105350400
2017-01-27,28.151493146769283,28.199894880983315,28.027030790877003,28.10770034790039,82251600
2017-01-30,27.872604073139428,28.03394317626953,27.8103737786362,28.03394317626953,121510000
2017-01-31,27.923309746058493,27.978625755996777,27.801152751482,27.969406127929688,196804000
2017-02-01,29.278564014442228,30.07604515303821,29.273955079547164,29.674999237060547,447940000
2017-02-02,29.49752264241954,29.822506146168404,29.451424506752417,29.62428855895996,134841600
2017-02-03,29.57358761144041,29.7764159334382,29.539016200613,29.75106239318848,98029200
2017-02-06,29.76258683577543,30.07835077210367,29.70957265088489,30.02994728088379,107383600
2017-02-07,30.087570159753724,30.444823323275603,30.066827312582973,30.315752029418945,152735200
2017-02-08,30.2742623055273,30.474783502012865,30.24429807453851,30.43329429626465,92016400
2017-02-09,30.474967338846795,30.660155853876027,30.35228069822757,30.65321159362793,113399600
2017-02-10,30.6624648828812,30.77357654975128,30.56755530826191,30.58375740051269,80262000
2017-02-13,30.80598346930677,30.977283414271827,30.729593096505177,30.85459327697754,92141600
2017-02-14,30.89626203264368,31.271266102280745,30.845335117979864,31.25506401062012,132904800
2017-02-15,31.37080541920422,31.54441893250592,31.1624670839366,31.36848831176757,142492400
2017-02-16,31.405522761633943,31.458763243345395,31.213390073868105,31.331449508666992,90338400
2017-02-17,31.27359102891189,31.4425739068136,31.27359102891189,31.417110443115234,88792800
2017-02-21,31.53516855266077,31.65554161949223,31.47729736140028,31.643966674804688,98028800
2017-02-22,31.581462967593552,31.74118801135725,31.50738968380831,31.738874435424805,83347600
2017-02-23,31.80136236450006,31.824508710207315,31.55135851850376,31.60459899902344,83152800
2017-02-24,31.46108914249746,31.63470268249512,31.315252638602946,31.63470268249512,87106400
2017-02-27,31.745827492054847,31.815273643218475,31.54675040921403,31.69721412658692,81029600
2017-02-28,31.73192286301284,31.81525749567788,31.643957547373027,31.711090087890625,93931600
2017-03-01,31.91942953729377,32.442583759753184,31.85230051920705,32.359249114990234,145658400
2017-03-02,32.4078644691054,32.472679915469456,32.12082211222392,32.16712188720703,104844000
2017-03-03,32.125441300977805,32.36850090395948,32.08145864978795,32.35692596435547,84432400
2017-03-06,32.262036882584674,32.35463292601534,32.08379612181418,32.25509262084961,87000000
2017-03-07,32.19025698542041,32.40322245359531,32.12775513679197,32.2967414855957,69785200
2017-03-08,32.16479377359363,32.36155715341623,32.134703168762755,32.176368713378906,74828800
2017-03-09,32.116194602915954,32.12776601435599,31.72498482103165,32.10230255126953,88623600
2017-03-10,32.234245655264324,32.25970911448372,32.09303984180699,32.20878219604492,78451200
2017-03-13,32.14165778323444,32.2759158250435,32.13471352356076,32.22267532348633,69686800
2017-03-14,32.2458205158316,32.3268380442881,32.13933599604356,32.1740608215332,61236400
2017-03-15,32.27128740089075,32.58147609467358,32.1833220722569,32.514347076416016,102767200
2017-03-16,32.574533065814535,32.643979194613266,32.468048530699576,32.567588806152344,76928000
2017-03-17,32.63934639760594,32.63934639760594,32.38239821021006,32.405548095703125,175540000
2017-03-20,32.50045754809698,32.75509218644544,32.4611055643844,32.74583435058594,86168000
2017-03-21,32.896286464931364,33.05601145174801,32.345351822213246,32.37081527709961,158119600
2017-03-22,32.373135507438455,32.77823371741696,32.35229920075717,32.73656463623047,103440800
2017-03-23,32.69951920753767,32.77359598830901,32.549055603336946,32.62081527709961,81385200
2017-03-24,32.75508436437389,32.810641962794406,32.488878377816576,32.556007385253906,89582400
2017-03-27,32.26665872124432,32.690276231829365,32.0884144771652,32.611572265625,94300400
2017-03-28,32.61852282658592,33.34306782229113,32.55139025901376,33.28751373291016,133499200
2017-03-29,33.25972984641685,33.44723547595207,33.1463045704324,33.3615837097168,116760000
2017-03-30,33.37778472764183,33.44954443082265,33.218059694277166,33.317596435546875,84829200
2017-03-31,33.26898495389625,33.396302259059844,33.1046292450166,33.255096435546875,78646800
2017-04-03,33.26665655383155,33.36156256431881,33.113875855717886,33.264339447021484,79942800
2017-04-04,33.16018901999621,33.53982385248082,33.141669816926616,33.512046813964844,79565600
2017-04-05,33.38472855228239,33.67177089344331,33.28981896381265,33.33843231201172,110871600
2017-04-06,33.40092941039191,33.45417344029997,33.20648308914748,33.255096435546875,84596000
2017-04-07,33.27129772861994,33.37546514590922,33.16481673572033,33.1810188293457,66688800
2017-04-10,33.24121432941416,33.30602978233185,33.07917216494268,33.14167404174805,75733600
2017-04-11,33.08842352954414,33.18333310411267,32.42174646432778,32.785179138183594,121517600
2017-04-12,32.778242939696646,32.905556730054954,32.6416642488803,32.82453918457031,81400000
2017-04-13,32.84999019496731,32.958788271870205,32.65091323852539,32.65091323852539,71291600
2017-04-17,32.7504570543777,32.84305306128152,32.6092512345038,32.831478118896484,66328400
2017-04-18,32.734259408881314,32.88009239978457,32.66481327731086,32.685646057128906,58790000
2017-04-19,32.8430462719314,32.8708233021722,32.51202135546686,32.56526184082031,69313600
2017-04-20,32.690267539552906,33.08379079811462,32.67637902358353,32.972679138183594,93278400
2017-04-21,32.972674874043584,33.02822893073666,32.83609977510572,32.93332290649414,69283600
2017-04-24,33.218057673208875,33.32222509188119,33.143980866576484,33.250465393066406,68537200
2017-04-25,33.31296635455001,33.54213396298466,33.30370498788361,33.456485748291016,75486000
2017-04-26,33.44259857448812,33.47269271909866,33.19028107142358,33.25972366333008,80164800
2017-04-27,33.31528091186604,33.37083851697221,33.174075089542335,33.285186767578125,56985200
2017-04-28,33.354638589679055,33.403251943974794,33.16482292111123,33.252784729003906,83441600
2017-05-01,33.58843765714753,34.07455349864762,33.55602993438086,33.931034088134766,134411600
2017-05-02,34.15326841966558,34.28058577572571,33.991229753851776,34.146324157714844,181408800
2017-05-03,33.701858153687134,34.141681222939226,33.39630017256143,34.04214096069336,182788000
2017-05-04,33.91713909182939,34.06065847493561,33.75278340135599,33.91945266723633,93487600
2017-05-05,33.9726949212894,34.48659126238202,33.9726949212894,34.481964111328125,109310800
2017-05-08,34.4981673635165,35.579200576555564,34.4981673635165,35.41947555541992,195009600
2017-05-09,35.61854740828749,35.85234920110843,35.521324264291295,35.64632797241211,156521600
2017-05-10,35.5630039032327,35.63476361185649,35.211146087985654,35.477352142333984,103222800
2017-05-11,35.4354966092352,35.81205202631621,35.402955133364486,35.784156799316406,109020400
2017-05-12,35.95849428633321,36.3582916702196,35.95152136483856,36.283912658691406,130108000
2017-05-15,36.26299675628336,36.41175835238627,36.03985613550709,36.1909408569336,104038800
2017-05-16,36.24671739912144,36.274609082037145,35.963140133627775,36.13747024536133,80194000
2017-05-17,35.70281313875219,35.928280397547645,34.79862097859771,34.92413711547852,203070800
2017-05-18,35.161228228070684,35.642377572865925,35.128686743624414,35.456424713134766,134272800
2017-05-19,35.65167977873809,35.79114177368789,35.47734962498381,35.57729721069336,107843200
2017-05-22,35.79578397067189,35.930599686561685,35.54242505223062,35.793460845947266,91865600
2017-05-23,36.00498783317736,36.00498783317736,35.63540874307871,35.749305725097656,79675600
2017-05-24,35.75858838045589,35.83529404817811,35.4866338567616,35.64236831665039,76712000
2017-05-25,35.7330415425565,35.87715692105981,35.5703340636886,35.76558303833008,76942400
2017-05-26,35.79579452040507,35.851581451035386,35.635410198254704,35.70514297485352,87710400
2017-05-30,35.660971833916435,35.89573513785693,35.64005306902935,35.71908187866211,80507600
2017-05-31,35.78881875413772,35.83530608592491,35.4192396783089,35.507564544677734,97804800
2017-06-01,35.602874780688644,35.640066074118366,35.3820572394297,35.60519790649414,65616400
2017-06-02,35.69816949603981,36.13283157348633,35.53778517638667,36.13283157348633,111082800
2017-06-05,35.87480798567305,35.900376541253614,35.67026308778339,35.77950668334961,101326800
2017-06-06,35.77253639360547,36.21649791553174,35.74464471155945,35.9003791809082,106499600
2017-06-07,36.03288678355155,36.25602742644051,35.9073670685145,36.11423873901367,84278400
2017-06-08,36.08634642269079,36.15375253015387,35.88877080457249,36.02591323852539,85003200
2017-06-09,36.07240773011959,36.07240773011959,33.940930781663866,34.62895202636719,259530800
2017-06-12,33.87584667062883,33.957198638140845,33.12506203502354,33.80146408081055,289229200
2017-06-13,34.20589882874218,34.27330492251512,33.73869178214807,34.07340621948242,136661600
2017-06-14,34.28492166573498,34.28492166573498,33.43418987690974,33.74101257324219,126124800
2017-06-15,33.31332415824368,33.58295203798691,33.055315448651314,33.538787841796875,128661600
2017-06-16,33.42023912222331,33.587596287117485,33.05298331852524,33.06925582885742,201444400
2017-06-19,33.39235892227018,34.10827514113461,33.39235892227018,34.01529693603516,130165600
2017-06-20,34.138481214993035,34.138481214993035,33.68987346053195,33.70614242553711,99600400
2017-06-21,33.82469588633968,33.95253869431153,33.61317447194587,33.90604782104492,85063200
2017-06-22,33.882799350448174,34.09896697278003,33.73171113518738,33.85025787353516,76425200
2017-06-23,33.734041820737275,34.20589506550318,33.72939202440925,34.001346588134766,141757600
2017-06-26,34.20822036352045,34.466229101408445,33.79215400799219,33.89442825317383,102769600
2017-06-27,33.70614585864433,33.97345416700093,33.38305418258259,33.40862274169922,99047600
2017-06-28,33.58527107922489,33.96182290349856,33.27612532288432,33.8967399597168,88329600
2017-06-29,33.636419820909026,33.73404427035426,33.07158834234401,33.397003173828125,125997600
2017-06-30,33.57598747388138,33.69453425037123,33.42025295949374,33.47603988647461,92096400
2017-07-03,33.67594369003413,33.77356816691595,33.26220033940119,33.35517501831055,57111200
2017-07-05,33.399338707560744,33.65502084392385,33.173871390652444,33.492313385009766,86278400
2017-07-06,33.243591423255054,33.35516170275818,33.101802789129216,33.17618179321289,96515200
2017-07-07,33.215702390068536,33.64571816878647,33.215702390068536,33.51322555541992,76806800
2017-07-10,33.496955966065755,33.92464506499715,33.32494894841133,33.7177734375,84362400
2017-07-11,33.641077267678725,33.901412766269914,33.55972530610891,33.827030181884766,79127200
2017-07-12,33.90606550476529,33.978121430451395,33.6620060266046,33.875850677490234,99538000
2017-07-13,33.82004280401538,34.5150401494659,33.80609696209252,34.34768295288086,100797600
2017-07-14,34.394189298620056,34.71030822848951,34.2454276579025,34.64289855957031,80528400
2017-07-17,34.59175611582035,35.07522866447601,34.533646059353856,34.76375961303711,95174000
2017-07-18,34.68008735403194,34.89625864807044,34.5568942954562,34.88463592529297,71475200
2017-07-19,34.97760300729341,35.196097379667826,34.854409975508894,35.10312271118164,83692000
2017-07-20,35.21468838383295,35.270475305629525,34.91019230588272,34.9450569152832,68974800
2017-07-21,34.86370807164886,34.96830545588833,34.60569929892158,34.92879104614258,105010400
2017-07-24,35.00083854639876,35.433177371392006,34.84277739857869,35.35182189941406,85972800
2017-07-25,35.284420091668906,35.75859649908012,35.284420091668906,35.50291442871094,75415600
2017-07-26,35.644704264586665,35.7795164525424,35.577294623853,35.67027282714844,63124000
2017-07-27,35.737669882741635,35.79345679060988,34.23843175798736,34.996185302734375,129905200
2017-07-28,34.84046079961032,34.919489614945064,34.6777533719341,34.74980926513672,68854800
2017-07-31,34.842789762511146,34.94274090774462,34.43137310076057,34.57083511352539,79383600
2017-08-01,34.65683753402334,34.9171694403032,34.496453217920134,34.877655029296875,141474400
2017-08-02,37.02307187157176,37.132319040752925,36.29785963935268,36.52565002441406,279747200
2017-08-03,36.50473515253736,36.541926436811416,36.03288181692307,36.16072463989258,108389200
2017-08-04,36.27693554175151,36.58607781694372,36.18860715069363,36.35131454467773,82239600
2017-08-07,36.50704811114128,36.93938691684847,36.41639659769082,36.913818359375,87481200
2017-08-08,36.865019625255286,37.61580052880393,36.78831392847075,37.20903015136719,144823600
2017-08-09,37.01842410962092,37.48563117062074,36.9835594991385,37.43681716918945,104526000
2017-08-10,37.31314215481408,37.33647887838671,36.08337444544976,36.244388580322266,163217200
2017-08-11,36.543076338748016,37.00278197214367,36.41939955013738,36.7484245300293,105028400
2017-08-14,37.17780253158527,37.38548656397579,37.0447896093712,37.30147933959961,88490800
2017-08-15,37.49049410528858,37.84985616118254,37.36914954742076,37.70984649658203,117862000
2017-08-16,37.789191105392135,37.922200483954256,37.37148717823052,37.55817031860352,110686400
2017-08-17,37.457824633190185,37.50216227298986,36.832436740362205,36.83710479736328,111762400
2017-08-18,36.837097109852,37.21979580833799,36.57107488725423,36.75308990478516,109712400
2017-08-21,36.753091782762446,36.844099296178136,36.19537834194661,36.68542098999024,105474000
2017-08-22,36.92343936170374,37.336475114651016,36.87443723209866,37.28513717651367,86418400
2017-08-23,37.11945769174584,37.44615041706479,37.07512005887749,37.33180618286133,77596400
2017-08-24,37.43680528875181,37.50914768114245,36.99810424335767,37.16611862182617,79275600
2017-08-25,37.254789184976026,37.46714117924809,37.16611750394451,37.30379486083984,101920400
2017-08-28,37.369152083341085,37.80318883835701,37.320146382960566,37.67951202392578,103864000
2017-08-29,37.3598121669628,38.06453557730498,37.33647544553584,38.015533447265625,118067600
2017-08-30,38.22322179054412,38.24422270580322,37.94553115317101,38.11821365356445,109078400
2017-08-31,38.18588642019916,38.39123820845164,38.14854908402883,38.26989364624024,107140400
2017-09-01,38.45656606993318,38.48923533982436,38.18354355141044,38.281551361083984,66364400
2017-09-05,38.21155270980482,38.32822920662865,37.46715609035932,37.82185363769531,117874000
2017-09-06,37.96886004348513,38.03419858459997,37.457816513514224,37.78217697143555,86606800
2017-09-07,37.82419186548098,37.859196956472616,37.42049211964045,37.63050842285156,87714000
2017-09-08,37.53716855739872,37.604839369414,36.99345557008371,37.01679229736328,114446000
2017-09-11,37.4531476047386,37.81484538097087,37.3108021661188,37.686500549316406,126323200
2017-09-12,37.94551895192495,38.260546822252046,37.04944458215784,37.53715133666992,286856000
2017-09-13,37.30614064551257,37.327145120323486,36.848770788000856,37.25480270385742,179629600
2017-09-14,37.10078269829304,37.19645469109048,36.89076293011516,36.93510055541992,95042800
2017-09-15,36.9794431577368,37.56282554672024,36.86976698375322,37.3084716796875,196458400
2017-09-18,37.36214041553341,37.45314792226297,36.86976555587258,37.0261116027832,113077600
2017-09-19,37.22212655192404,37.28280059577159,36.97244075516808,37.04011154174805,83242400
2017-09-20,36.84643591702304,36.93044313635267,35.89669109360044,36.41940307617188,211805600
2017-09-21,36.35639164690989,36.35639164690989,35.644664411338915,35.79401016235352,150046800
2017-09-22,35.36231382169076,35.53266408390223,35.1336288672463,35.44398880004883,186581600
2017-09-25,35.00060574094943,35.42997425904203,34.80692239013219,35.131282806396484,177549200
2017-09-26,35.41831939205828,35.91769468848052,35.39731847582978,35.735679626464844,146640000
2017-09-27,35.88969211516487,36.10437644790088,35.829018056321864,35.99003219604492,102016800
2017-09-28,35.910701830563504,36.00170938044533,35.63301112278216,35.76835632324219,88022000
2017-09-29,35.75200319846631,35.966687462139404,35.46964459257487,35.964351654052734,105199200
2017-10-02,35.99703695947117,36.04137460467565,35.63767486163443,35.89202880859375,74795200
2017-10-03,35.93870557599536,36.19072732271445,35.915372405051286,36.04838180541992,64921200
2017-10-04,35.8500227868572,35.90369298025103,35.57700020217874,35.81501770019531,80655200
2017-10-05,35.978368197738654,36.27239529226402,35.948034725322195,36.26072692871094,85135200
2017-10-06,36.16271628489837,36.28406084722537,36.06704069612739,36.239723205566406,69630400
2017-10-09,36.35871853868354,36.573402801599386,36.28404745451774,36.365718841552734,65051600
2017-10-10,36.41707137670718,36.86977680080634,36.19305447367292,36.37973403930664,62468000
2017-10-11,36.39606886036616,36.63175411606719,36.34473091386742,36.53141403198242,67622400
2017-10-12,36.484747341227305,36.72276486602361,36.34006604264477,36.40307235717773,64500400
2017-10-13,36.57341636197733,36.70176122997098,36.498745250125616,36.634090423583984,65576800
2017-10-16,36.84643026392048,37.33647289493997,36.78809202502214,37.3084716796875,96486000
2017-10-17,37.28513761287271,37.539491498003954,37.156792766027294,37.44615173339844,75989200
2017-10-18,37.43448179679161,37.50215614986297,37.24313421920023,37.28046798706055,65496800
2017-10-19,36.57807832357771,36.65508523154097,36.174378679422176,36.39839553833008,170336800
2017-10-20,36.54541010775939,36.811432360839845,36.39373209599778,36.461402893066406,95896400
2017-10-23,36.61074435961604,36.79742743265295,36.286383899979256,36.44272994995117,87937200
2017-10-24,36.47073300118605,36.73442298865466,36.44973208909128,36.65975189208984,71028800
2017-10-25,36.6154214690112,36.76476725223068,36.23272267696854,36.49874496459961,84828400
2017-10-26,36.69008842265107,36.83010163635278,36.58508029271675,36.73209381103516,68002000
2017-10-27,37.17079679432446,38.17655118799871,37.03311938262583,38.0482063293457,177816800
2017-10-30,38.24421655987855,39.21963378647606,38.204546983869406,38.90460586547852,178803200
2017-10-31,39.17995785839023,39.58832551023456,38.95594102621831,39.44598007202149,144187200
2017-11-01,39.63967348374911,39.65600990308901,38.64559097272621,38.94428253173828,134551200
2017-11-02,38.87661163677941,39.31998091721016,38.56858396438262,39.22897338867188,165573600
2017-11-03,40.60343229874321,40.66410281228549,39.931374348862015,40.25340270996094,237594400
2017-11-06,40.223061210226,40.83444857873341,40.07138316285592,40.661766052246094,140105200
2017-11-07,40.58241843039198,40.89511057537708,40.51007957483256,40.79243469238281,97446000
2017-11-08,40.75743480710038,41.12613296508789,40.68042789175957,41.12613296508789,97638000
2017-11-09,40.86243530363712,41.09345600647338,40.40272970630695,41.042118072509766,117930400
2017-11-10,41.00933312803533,41.072565925229945,40.81261284063416,40.906288146972656,100582000
2017-11-13,40.6322886986201,40.8664805643182,40.608868082656585,40.74235916137695,67928400
2017-11-14,40.52457134987867,40.62761637428181,40.08897420257428,40.12644577026367,99130000
2017-11-15,39.80559095298327,39.88755953383596,39.43322675113431,39.59716033935547,116632400
2017-11-16,40.08896459722849,40.25055756737149,39.88287817128605,40.07023239135742,94550000
2017-11-17,40.056166933489614,40.13813549909116,39.72829981805053,39.84773635864258,87598000
2017-11-20,39.88052889502063,39.943761695620736,39.709569843677855,39.80792999267578,65049600
2017-11-21,39.995284529281854,40.67912431395637,39.995284529281854,40.547977447509766,100525200
2017-11-22,40.59950421138276,40.98357874929391,40.52690530078438,40.974212646484375,102355600
2017-11-24,41.00699714198535,41.10067245893679,40.901607943559625,40.9765510559082,56106800
2017-11-27,40.99528780501954,41.00231327528309,40.594818132575305,40.77046203613281,82867200
2017-11-28,40.81964835544334,40.95313587850049,40.24821955509472,40.53159332275391,105715200
2017-11-29,40.42853275152802,40.49644680316754,39.14750328244924,39.690826416015625,166665600
2017-11-30,39.91330934594225,40.31377892223367,39.44726992076248,40.24586486816406,166108800
2017-12-01,39.80090498652369,40.20371526243537,39.46132751194856,40.05851745605469,159037200
2017-12-04,40.393410042348286,40.426196759021686,39.72596540146465,39.76577758789063,130169600
2017-12-05,39.59247791469007,40.16859150096301,39.43791041916752,39.728309631347656,109400800
2017-12-06,39.22714391139447,39.85946133735878,38.98358590362124,39.58077239990234,114240000
2017-12-07,39.58545225881169,39.9156636594759,39.55735037738816,39.65336990356445,102693200
2017-12-08,39.92737454264423,40.046811113897945,39.53627453543775,39.665077209472656,93420800
2017-12-11,39.625258391774615,40.48942684830083,39.529238880275294,40.43790435791016,141095200
2017-12-12,40.316124751462965,40.37233208080657,40.15453537988255,40.21073913574219,77636800
2017-12-13,40.39808995652481,40.64164788306032,40.28099404360734,40.3442268371582,95273600
2017-12-14,40.37467234776361,40.54563496624817,40.19902846532238,40.33251953125,81906000
2017-12-15,40.66273478467583,40.78919681981972,40.38873073062717,40.74235916137695,160677200
2017-12-18,40.95546253852708,41.49878564850216,40.95077770201914,41.31611633300781,117684400
2017-12-19,40.99060981480351,41.074919045534976,40.77046884714441,40.8758544921875,109745600
2017-12-20,40.95314090644149,41.081947180282334,40.573751130296834,40.83136367797852,93902400
2017-12-21,40.789199629292725,41.222456040069694,40.772808055776665,40.98591995239258,83799600
2017-12-22,40.90863620257095,41.08193948157864,40.86648337911435,40.98591995239258,65397600
2017-12-26,39.9999690824779,40.156877194680966,39.7376717779659,39.94610595703125,132742000
2017-12-27,39.83603669973451,39.99528544879973,39.744702017539055,39.95313262939453,85992800
2017-12-28,40.04680453775048,40.24586903063577,39.92502378068592,40.0655403137207,65920800
2017-12-29,39.93439556169126,39.95078713310234,39.629945439714064,39.632286071777344,103999600
2018-01-02,39.85008389872191,40.3512542876815,39.63930910102925,40.34188461303711,102223600
2018-01-03,40.40512002581769,40.87818856844172,40.27163252810483,40.33486175537109,118071600
2018-01-04,40.40747671588122,40.62527708347144,40.29975042207205,40.52223205566406,89738400
2018-01-05,40.618227636489486,41.07021610938013,40.52689297456693,40.98356628417969,94640000
2018-01-08,40.83136367797852,41.126444217926,40.73299992451082,40.83136367797852,82271200
2018-01-09,40.87818646172054,40.99762301388554,40.61120790656991,40.82666397094727,86336000
2018-01-10,40.552660719700334,40.81963927994158,40.515189166880944,40.81729507446289,95839600
2018-01-11,40.887551806210006,41.0983266027859,40.86413476669079,41.04914474487305,74670800
2018-01-12,41.25990707837129,41.536255243634926,41.13578571786198,41.4730224609375,101672400
2018-01-16,41.66274188502376,42.01168913853004,41.25056538489396,41.26227569580078,118263600
2018-01-17,41.25288738047048,41.9788834468811,40.99996336127196,41.943756103515625,137547200
2018-01-18,42.00698530300974,42.17794790326898,41.74469161004063,41.981224060058594,124773600
2018-01-19,41.82900399397506,42.056170360899095,41.5479745053168,41.79387664794922,129700400
2018-01-22,41.52220833043589,41.63461939785577,41.358274779306186,41.45195007324219,108434400
2018-01-23,41.5222149513268,42.02338535811327,41.4098038659825,41.46132278442383,130756400
2018-01-24,41.510504321279925,41.52221462816889,40.56202663901651,40.8009033203125,204420400
2018-01-25,40.86882950605092,40.97187451966688,39.93674669163519,40.07257843017578,166116000
2018-01-26,40.28100745555258,40.28100745555258,39.82667459040098,40.16625213623047,156572000
2018-01-29,39.85008693678984,39.85008693678984,39.126434961888506,39.33486557006836,202561600
2018-01-30,38.76576769764181,39.19667974455292,38.57138807818574,39.103004455566406,184192800
2018-01-31,39.07959607542636,39.44727902539494,38.99294622732507,39.21074295043945,129915600
2018-02-01,39.14984837452473,39.48942581837823,39.05382886516062,39.29270553588867,188923200
2018-02-02,38.87583871051159,39.06319286477697,37.49410852308551,37.58778381347656,346375200
2018-02-05,37.25992247449914,38.37935916282286,36.53392635472329,36.648681640625,290954000
2018-02-06,36.259921731587134,38.34188697249856,36.06554208245456,38.180294036865234,272975200
2018-02-07,38.19435807665087,38.266956997625066,37.252909163167054,37.36297607421875,206434400
2018-02-08,37.5386155259692,37.7048933359953,36.30676750219174,36.334869384765625,217562000
2018-02-09,36.934498391741066,37.12731684344801,35.32844580447681,36.77930068969727,282690400
2018-02-12,37.27074272909962,38.53818298500872,37.03794626199481,38.26071166992188,243278000
2018-02-13,38.08200439585714,38.74041582243797,38.0114596737139,38.644004821777344,130196800
2018-02-14,38.33831316239398,39.39647322333067,38.30069242048141,39.35649871826172,162579600
2018-02-15,39.92556329964218,40.70154825718873,39.73979895428035,40.678035736083984,204588800
2018-02-16,40.52988635346286,41.10834882844967,40.3911506581798,40.54634475708008,160704400
2018-02-20,40.45697504613058,40.97664704592334,40.308831533368085,40.40994644165039,135722000
2018-02-21,40.640384867164016,40.94372238419849,40.212416358608365,40.22652816772461,149886400
2018-02-22,40.39820700493959,40.903771015106486,40.3770446613819,40.56280899047852,123967600
2018-02-23,40.83792303213014,41.30351244871162,40.80735281589202,41.26824188232422,135249600
2018-02-26,41.46812617400968,42.1829706355602,41.43520577620251,42.08420944213867,152648800
2018-02-27,42.11478214797207,42.43928220604922,41.89374364049426,41.94782638549805,155712400
2018-02-28,42.15238633749347,42.47218591856832,41.86786090603936,41.88431930541992,151128400
2018-03-01,41.9830789846112,42.27466210614424,40.6004191991454,41.15066146850586,195208000
2018-03-02,40.63334118343101,41.45635444518084,40.55103842203479,41.4351921081543,153816000
2018-03-05,41.2000498848644,41.79497067660836,41.03779810746997,41.5786361694336,113605600
2018-03-06,41.83494482565421,41.9148938321395,41.41638404105076,41.54336166381836,95154000
2018-03-07,41.136556320670735,41.35054063744195,40.97900849269013,41.15771865844727,126814000
2018-03-08,41.26354532535344,41.649185801737886,41.16713789729796,41.60686111450195,95096400
2018-03-09,41.84670353867306,42.32640117322609,41.71266821269217,42.32169723510742,128740800
2018-03-12,42.39459999300716,42.88840953350741,42.375791413150864,42.73086166381836,128828400
2018-03-13,42.93542665160748,43.14941096767531,42.14768751429382,42.31934356689453,126774000
2018-03-14,42.401652575454754,42.44868119552501,41.81143209120384,41.95957565307617,117473600
2018-03-15,41.97368633907431,42.38284289256637,41.87257497940292,42.00895690917969,90975200
2018-03-16,42.00894928177119,42.119468498773394,41.76674850954591,41.86080932617188,157618800
2018-03-19,41.6962077406348,41.73147830463949,40.83557009838746,41.22121047973633,133787200
2018-03-20,41.20710372924805,41.57393196024154,41.13655901066005,41.20710372924805,78597600
2018-03-21,41.16006747469234,41.17182552464226,40.2712134368852,40.27356719970703,148219600
2018-03-22,39.97493460454661,40.60512596898789,39.64573069596585,39.70451736450195,165963200
2018-03-23,39.59634278022612,39.95611685432764,38.78508758544922,38.78508758544922,164115200
2018-03-26,39.5211082074498,40.703895839846645,39.13781793229658,40.62629699707031,150164800
2018-03-27,40.84027724690928,41.18594318391148,39.250686842203656,39.5845947265625,163690400
2018-03-28,39.32829223528525,39.97964970924838,38.843890525339965,39.1472282409668,166674000
2018-03-29,39.45996549061165,40.38644402367122,39.24598114149307,39.452911376953125,153594000
2018-04-02,39.18484391069471,39.72568201023475,38.67457602874525,39.19424819946289,150347200
2018-04-03,39.41999160319373,39.6810045768212,38.77098802003664,39.59635162353516,121112000
2018-04-04,38.77099071456574,40.44758431792256,38.74512443292918,40.3535270690918,138422000
2018-04-05,40.5816178114042,40.96960843017721,40.46404446170888,40.63335037231445,107732800
2018-04-06,40.20303085074771,40.55810106955422,39.55167349900567,39.59400177001953,140021200
2018-04-09,39.94673507375474,40.70155420819894,39.93968095758648,39.98670959472656,116070800
2018-04-10,40.68037958406611,40.91552628686418,40.33471364390863,40.739166259765625,113634400
2018-04-11,40.49931984850081,40.89671839182734,40.37469237004453,40.54870223999024,89726400
2018-04-12,40.77679208647928,41.150674496485806,40.689785363381375,40.94844818115234,91557200
2018-04-13,41.09893532790292,41.3481902278494,40.880250643703896,41.08717727661133,100497200
2018-04-16,41.157726513426766,41.43049754589345,41.11069789115241,41.3434944152832,86313600
2018-04-17,41.50105268207379,42.07716152254781,41.482240510835055,41.912559509277344,106421600
2018-04-18,41.81143114656128,42.04893159283888,41.59274645355115,41.818485260009766,83018000
2018-04-19,40.8590891944193,41.242379462603296,40.60042997792192,40.63335037231445,139235200
2018-04-20,40.11601095898135,40.26180070121921,38.90029989271545,38.9684944152832,261964400
2018-04-23,39.22951893655704,39.2506812754814,38.58521577645036,38.85563659667969,146062000
2018-04-24,38.95675744554006,39.1119551449554,37.91035523836867,38.3148078918457,134768000
2018-04-25,38.23955729051611,38.89796880402129,38.19017849013432,38.48175811767578,113528400
2018-04-26,38.592271403229525,38.97085769595813,38.41591139583521,38.61578750610352,111852000
2018-04-27,38.56405870986155,38.64165755124664,37.77161548089102,38.16901397705078,142623200
2018-04-30,38.12432968710872,39.33062963053425,38.05613514540948,38.86033630371094,169709600
2018-05-01,39.1307567565656,39.78681436265634,38.86268970628452,39.763301849365234,214277600
2018-05-02,41.20475618707623,41.7973268894039,40.868498120583496,41.51985549926758,266157600
2018-05-03,41.357603523058685,41.73854003605556,41.01899169459304,41.59510040283203,136272800
2018-05-04,41.91490118724384,43.32578145161109,41.89608901981912,43.22702026367188,224805200
2018-05-07,43.54444567941432,44.12996200529712,43.44333436364769,43.53974533081055,169805600
2018-05-08,43.49979138596113,43.78902083601134,43.18939600498701,43.7490463256836,113611200
2018-05-09,43.86661488875496,44.066487418557294,43.55386936653684,44.05708312988281,92844800
2018-05-10,44.14644042182307,44.76487377033595,44.12527449301821,44.68727493286133,111957200
2018-05-11,44.729757490410215,44.86430604769044,44.24820656504485,44.51730728149414,104848800
2018-05-14,44.61645824567123,44.739207039830816,44.3449982374365,44.4134521484375,83115200
2018-05-15,44.0900572551773,44.15851476365606,43.69348924068128,44.00979995727539,94780800
2018-05-16,43.92245918077974,44.48662667958038,43.905933713378666,44.420528411865234,76732400
2018-05-17,44.37805352236964,44.59286305014965,43.99092596550543,44.13964080810547,69176000
2018-05-18,44.18685420429236,44.33320621825269,43.93663807646711,43.9791259765625,73190800
2018-05-21,44.37803760738811,44.6778264231584,44.12074027507521,44.29069900512695,73603200
2018-05-22,44.46773776737088,44.585764459734094,44.090050911053055,44.17975234985352,60962800
2018-05-23,43.98856181662308,44.49607529300221,43.84928754378699,44.46302795410156,80233600
2018-05-24,44.55980772674339,44.57632959413416,43.95551151224936,44.4134521484375,92936000
2018-05-25,44.43232966932365,44.76752505903052,44.29541826757482,44.514949798583984,69844000
2018-05-29,44.2836294416986,44.55508947322989,44.11130782679905,44.35444259643555,90056400
2018-05-30,44.31195325608738,44.37804793294271,44.09006244012031,44.2600212097168,74762000
2018-05-31,44.19392155983616,44.43233421724424,43.93898343412893,44.11130142211914,109931200
2018-06-01,44.37568294540412,44.91152160606056,44.319028828916046,44.90680313110352,93770000
2018-06-04,45.23727284395453,45.6574476023422,45.16881894367543,45.28212356567383,105064800
2018-06-05,45.5748306611135,45.7801959619768,45.40723116598109,45.6314811706543,86264000
2018-06-06,45.707025796438366,45.81324911722004,45.30337285520071,45.789642333984375,83734400
2018-06-07,45.827407590772026,45.8415702186734,45.4025107442856,45.66689300537109,85388800
2018-06-08,45.126345337868806,45.32227016717249,44.795871891989336,45.2514533996582,106627200
2018-06-11,45.16882416048117,45.315176130877504,44.89972340097438,45.14049530029297,73234000
2018-06-12,45.17826783713931,45.46625332272547,45.12161371473412,45.38835525512695,67644400
2018-06-13,45.42140067749612,45.52998684038837,44.95401589350231,45.01538848876953,86553600
2018-06-14,45.21604156210974,45.22076363989936,44.90209002406459,45.03900146484375,86440400
2018-06-15,44.85724778688508,44.88793589549575,44.4394320696633,44.57634353637695,246876800
2018-06-18,44.34972444416655,44.66603521059808,44.18920622118241,44.552730560302734,73939600
2018-06-19,43.70292214982932,43.98382624525081,43.303991365702245,43.8327522277832,134314000
2018-06-20,43.988549731836606,44.18919294793658,43.84219418386442,44.023956298828125,82514800
2018-06-21,44.20099927334401,44.46065945482421,43.65571649412463,43.778465270996094,102847600
2018-06-22,43.93426821899007,43.94134953454159,43.599072742622056,43.651004791259766,108801600
2018-06-25,43.29219481975623,43.65099701866678,42.66193263466796,43.00185012817383,126652400
2018-06-26,43.19541024763177,44.03103764627722,43.08918334279743,43.53532409667969,98276800
2018-06-27,43.7241710335686,44.20808123235867,43.44090766902219,43.47159576416016,101141200
2018-06-28,43.45744089215349,43.95551380777959,43.3866241379058,43.78791427612305,69460800
2018-06-29,43.97439552855281,44.18684579426581,43.17653731841848,43.69585418701172,90950800
2018-07-02,43.39134644867132,44.21281143744813,43.29692290853678,44.18448257446289,70925200
2018-07-03,44.32847704929608,44.36624646682203,43.325249858311246,43.41495132446289,55819200
2018-07-05,43.7312577781433,44.00272138770652,43.49992642192377,43.764305114746094,66416800
2018-07-06,43.76903083923939,44.47955043635213,43.71709879140897,44.37096786499024,69940800
2018-07-09,44.73213380407821,45.01067517748654,44.68492382914852,44.9870719909668,79026400
2018-07-10,45.01774915035912,45.15229772629047,44.89263752447302,44.93276977539063,63756400
2018-07-11,44.49607197660276,44.79822008171447,44.28598456598775,44.3497200012207,75326000
2018-07-12,44.73920826110805,45.182989881568,44.68727621608019,45.09328842163086,72164400
2018-07-13,45.10508729280088,45.28448659280294,45.06259580481476,45.164100646972656,50055600
2018-07-16,45.20894938696994,45.47568728682713,44.94928919926209,45.06495666503906,60172400
2018-07-17,44.79114225786405,45.29157442060409,44.66131213963721,45.19243240356445,62138000
2018-07-18,45.2703388676979,45.27506094611522,44.83363846230348,44.944583892822266,65573600
2018-07-19,44.7769800450885,45.45209306427996,44.7769800450885,45.29393768310547,81147200
2018-07-20,45.270328411060994,45.42376170622383,44.89028222878679,45.19007110595703,82704800
2018-07-23,45.010673935781,45.31282569115405,44.746295201955945,45.23020553588867,63957600
2018-07-24,45.42849276850689,45.71411907207885,45.334072814638176,45.55832290649414,74791600
2018-07-25,45.5724853025433,45.9950230583522,45.42377045417711,45.98794174194336,66839600
2018-07-26,45.93835302616852,46.25702656183616,45.70229962253,45.84393310546875,76304000
2018-07-27,46.02806625919059,46.07527623163018,44.87376496387609,45.08148956298828,96096000
2018-07-30,45.29865102564653,45.36946777385099,44.6306229994785,44.82890701293945,84118000
2018-07-31,44.92096482906494,45.35530224080693,44.69435196969696,44.918601989746094,157492000
2018-08-01,47.005324226036834,47.62614234463773,46.57570522201476,47.56476974487305,271742800
2018-08-02,47.34760051436628,49.18881810901228,47.29330923044903,48.95512390136719,249616000
2018-08-03,48.87013929851241,49.27379223190768,48.50425577680465,49.09675216674805,133789600
2018-08-06,49.099113301413,49.39418008808014,48.87958534103959,49.35169219970703,101701600
2018-08-07,49.41070631349122,49.4531942025148,48.80640649955824,48.8890266418457,102349600
2018-08-08,48.638813761264295,49.05426653375146,48.27765227337783,48.92207717895508,90102000
2018-08-09,49.46028374954723,49.519297117606335,48.91027872700954,49.30685043334961,93970400
2018-08-10,49.11970375953087,49.53187849965724,48.95625509336832,49.15997314453125,98444800
2018-08-13,49.58163391858709,49.970119181177054,49.200254807210406,49.4774055480957,103563600
2018-08-14,49.7829742500463,49.8777253230472,49.33289761698768,49.68585205078125,82992000
2018-08-15,49.56029812948135,49.92035866127431,49.34947395001151,49.80191802978516,115230400
2018-08-16,50.15961167949677,50.64758654419464,50.09328520941288,50.531517028808594,114001600
2018-08-17,50.55993822473201,51.628271438053176,50.49361175911019,51.540626525878906,141708000
2018-08-20,51.66381484377017,51.91964347624076,50.955538429933824,51.03844833374024,121150800
2018-08-21,51.35588218657615,51.44826577710055,50.69971977388995,50.93896865844727,104639200
2018-08-22,50.71628962107403,51.25164007732442,50.654698167539145,50.94132614135742,76072400
2018-08-23,50.84657966570973,51.415097066976905,50.83473848998287,51.04556274414063,75532800
2018-08-24,51.308490128285406,51.37955162542493,50.955535696231685,51.20426177978516,73905600
2018-08-27,51.43876965842527,51.81541364909847,51.24452888402544,51.62590789794922,82100400
2018-08-28,51.87936750162545,52.241795568558736,51.85804905404619,52.042816162109375,91107200
2018-08-29,52.14941162490679,52.94059783620013,51.974121793425,52.819786071777344,109019200
2018-08-30,52.883744837114136,54.07051872797575,52.68239430681936,53.30539321899414,195175200
2018-08-31,53.65597424619973,54.215014178392295,53.53516610179944,53.92128372192383,173360400
2018-09-04,54.10605636578428,54.288452356795226,53.68440795836104,54.09421157836914,109560400
2018-09-05,54.24345135322492,54.40452890571395,53.321983221015245,53.74126052856445,133332000
2018-09-06,53.58965298703606,53.85496248853449,52.42182996748417,52.84821701049805,137160000
2018-09-07,52.55212995032294,53.38594971584452,52.2820853507292,52.42184448242188,150479200
2018-09-10,52.33891619608954,52.55211150907524,51.27768911221937,51.71828842163086,158066000
2018-09-11,51.64250055303681,53.13248623233808,51.29902332681657,53.0258903503418,142996000
2018-09-12,53.284081020445285,53.29829332034055,52.07598492604216,52.36735153198242,197114800
2018-09-13,52.947721982121216,54.09185937132817,52.722685415648726,53.63230895996094,166825600
2018-09-14,53.47595028807236,53.73415002219959,52.71082474673653,53.02350616455078,127997200
2018-09-17,52.6231864653548,52.81269225388577,51.46720802290819,51.6117057800293,148780400
2018-09-18,51.59037623243215,52.55211733723163,51.43166619672579,51.69697570800781,126286800
2018-09-19,51.75855221885172,52.02385805756023,51.000532955026735,51.72775650024414,108495200
2018-09-20,52.17074505190675,52.653981371303495,51.91254165699373,52.12099838256836,106435200
2018-09-21,52.29865408419949,52.4360456744624,51.47193703080643,51.55958557128906,384986800
2018-09-24,51.36060237729222,52.41235225527132,51.31559435444317,52.30101776123047,110773600
2018-09-25,52.05466892569171,52.78189629707581,52.04282413704768,52.632659912109375,98217600
2018-09-26,52.35076667766207,53.00219024491804,52.057032567926086,52.213375091552734,95938800
2018-09-27,53.018772217071486,53.63940004203078,52.95244213031854,53.28644561767578,120724800
2018-09-28,53.24854310635677,53.497269181508,53.06614711716459,53.47358322143555,91717600
2018-10-01,53.99708972184782,54.34530550981975,53.61808182382863,53.833641052246094,94403200
2018-10-02,53.83127647394593,54.48270006163944,53.68441122173111,54.3121452331543,99152800
2018-10-03,54.49454032674915,55.30467388755188,54.430581367745326,54.97304153442383,114619200
2018-10-04,54.66747000693128,55.03937540931181,53.70809995089933,54.00657272338867,128168000
2018-10-05,53.99945772125052,54.106053573442246,52.25127273302901,53.13010025024414,134322000
2018-10-08,52.63739704276325,53.25091876301774,52.16126330037392,53.00693130493164,118655600
2018-10-09,52.976134925197805,53.83601521931259,52.64687005570699,53.74126052856445,107564000
2018-10-10,53.407249758837416,53.618073932849306,51.178196264433616,51.25162887573242,167962400
2018-10-11,50.81578539388251,51.995453439346754,50.29464717570925,50.79920196533203,212497600
2018-10-12,52.21337471372891,52.79610429097438,51.36533924220412,52.61370468139648,161351600
2018-10-15,52.38866351212896,52.54737353222936,51.46719549932301,51.4885139465332,123164000
2018-10-16,51.86041853976065,52.82215960325249,51.34638657960489,52.62317657470703,116736000
2018-10-17,52.65871322646053,52.7392520002313,51.95754299454812,52.395774841308594,91541600
2018-10-18,51.60696904538655,52.05230712268696,50.45572558464888,51.17110824584961,130325200
2018-10-19,51.65433023008418,52.4123495869144,51.505093870239605,51.95043182373047,132314800
2018-10-22,52.06413853844261,52.909806501448585,51.86279160524243,52.26785659790039,115168400
2018-10-23,51.12609101465835,52.88374981323003,50.8584139910956,52.76057052612305,155071200
2018-10-24,52.729786809714994,53.11590092930237,50.82052020643141,50.9508056640625,163702000
2018-10-25,51.571420652025175,52.4407744415898,51.3440130522694,52.06650161743164,119423200
2018-10-26,51.142672067536914,52.15889488542669,50.37754646798605,51.2374267578125,189033600
2018-10-29,51.92201247556305,52.04045312499331,48.8188660146814,50.27568817138672,183742000
2018-10-30,50.01748223969893,50.97211353591535,49.57214787858827,50.52677917480469,146640000
2018-10-31,51.37481380979864,52.22047811049344,51.31322236292952,51.84383773803711,153435600
2018-11-01,51.88884958968762,52.67292611590215,51.35823417541894,52.63976287841797,233292800
2018-11-02,49.63847450952793,50.609685619388856,48.662521147330224,49.14812850952149,365314800
2018-11-05,48.39485679873955,48.416175251111405,46.94277307848563,47.752906799316406,264654800
2018-11-06,47.83107430781383,48.49434270740384,47.77659261786653,48.26930618286133,127531600
2018-11-07,48.7904402414107,49.75928386295156,48.35457952948075,49.73322677612305,133697600
2018-11-08,49.9138861511166,49.947165100246615,49.146090921602585,49.5597038269043,101450400
2018-11-09,48.86084706340695,48.9701906382226,48.076410468774,48.604122161865234,137463200
2018-11-12,47.30384878341077,47.50590184967047,46.06538963892169,46.15571975708008,204542000
2018-11-13,45.55194993542723,46.871225412365966,45.50916064244286,45.69457244873047,187531600
2018-11-14,46.09155124730951,46.22942223730996,44.19701936866865,44.40382766723633,243204000
2018-11-15,44.78177050498005,45.632764830183646,44.42758459138479,45.49964904785156,185915200
2018-11-16,45.283342805851085,46.34589712406459,45.036128252088695,46.00359725952149,147713200
2018-11-19,45.164492142823775,45.33088691476528,43.97357710314176,44.18038177490234,167701200
2018-11-20,42.39994806836374,43.13684385464393,41.720103471884805,42.06953430175781,271300800
2018-11-21,42.723221376680144,42.85158561836727,41.96731232258113,42.0219841003418,124496800
2018-11-23,41.58460933705691,41.97920521463513,40.90951995451612,40.954681396484375,94496000
2018-11-26,41.41821459606718,41.58698512821086,40.47213479849216,41.50854110717773,179994000
2018-11-27,40.76926040452482,41.544190095580014,40.61950696824367,41.41820526123047,165549600
2018-11-28,42.01010503821361,43.09405219512892,41.582230205975,43.01085662841797,184250000
2018-11-29,43.41970656582618,43.45298551193402,42.24067431047254,42.68043518066406,167080000
2018-11-30,42.85633792843457,42.865848271687376,42.081411801458295,42.44985961914063,158126000
2018-12-03,43.8475839184316,43.96168265082732,43.07503354139538,43.93315887451172,163210000
2018-12-04,43.01322909530219,43.35552893478612,41.90075824411287,42.00059509277344,165377200
2018-12-06,40.828693744644816,41.54657237465909,40.510166137236766,41.53231048583984,172393600
2018-12-07,41.23993069277843,41.47763851102162,40.00622653575494,40.0513916015625,169126400
2018-12-10,39.22179661258494,40.431728740606445,38.824824924550015,40.31525421142578,248104000
2018-12-11,40.8049254280497,40.83582497833246,39.69720611155068,40.08467102050781,189126800
2018-12-12,40.50540546611536,40.866722318061136,40.17737118640724,40.196388244628906,142510800
2018-12-13,40.52680679610269,41.02123948791272,40.30336086904943,40.63615036010742,127594400
2018-12-14,40.17263211444055,40.1916491802834,39.28835850198743,39.335899353027344,162814800
2018-12-17,39.32875944469472,40.01811432265728,38.68219386191158,38.96982192993164,177151600
2018-12-18,39.31212009387407,39.82319045162126,39.07678804833182,39.47613906860352,135366000
2018-12-19,39.45948734110407,39.80416286052456,37.816925883080046,38.24480056762695,196189200
2018-12-20,38.12833539369746,38.53481738866487,36.91602760796268,37.27972030639648,259092000
2018-12-21,37.28685460935689,37.595875549010096,35.568227818141445,35.82970428466797,382978400
2018-12-24,35.216417596506616,36.02462648734003,34.845593919582576,34.902645111083984,148676800
2018-12-26,35.252071232061816,37.37480037184857,34.876492432675754,37.360538482666016,234330000
2018-12-27,37.04438367014031,37.265453816149545,35.672812239071256,37.118072509765625,212468400
2018-12-28,37.43898254454257,37.68144554233319,36.73774518421436,37.13709259033203,169165600
2018-12-31,37.68382412991746,37.88112207522634,37.196522325444576,37.496036529541016,140014000
2019-01-02,36.81857144063734,37.75989619158616,36.661683377623504,37.53882598876953,148158800
2019-01-03,34.225166520409374,34.63877937995314,33.75450611274441,33.7996711730957,365248800
2019-01-04,34.35591215580835,35.311498641777554,34.18238645663675,35.24256134033203,234428400
2019-01-07,35.34715961100301,35.378062794844915,34.68157684830646,35.16412353515625,219111200
2019-01-08,35.55158448343476,36.08880653095804,35.30436992220377,35.83445739746094,164101200
2019-01-09,35.96281471962946,36.73298936707537,35.56822249255178,36.44298553466797,180396400
2019-01-10,36.25043882659319,36.59986957627264,35.8605981869204,36.5594596862793,143122800
2019-01-11,36.34076226258162,36.535680732984765,36.015100176105385,36.20051193237305,108092800
2019-01-14,35.858226807909084,35.95806365903001,35.47076189295389,35.65617370605469,129756800
2019-01-15,35.72035413413402,36.462001351236886,35.66805812501693,36.38593673706055,114843600
2019-01-16,36.38830771618193,37.0538902314347,36.36929065835952,36.8304443359375,122278800
2019-01-17,36.65454885295936,37.477019589891874,36.4311028990532,37.04914474487305,119284800
2019-01-18,37.43898716508409,37.529317310673214,37.07767020986163,37.27734756469727,135004000
2019-01-22,37.17988432442107,37.25594894751966,36.2789695747918,36.44061279296875,121576000
2019-01-23,36.64265013280645,36.87798212341248,36.060266840198814,36.58797836303711,92522400
2019-01-24,36.63314628936311,36.72109700768508,36.06978000885468,36.297977447509766,101766000
2019-01-25,36.95880850768255,37.58873636724454,36.6830702104898,37.50078201293945,134142000
2019-01-28,37.03249899249603,37.16086324410127,36.52618381177193,37.15373229980469,104768400
2019-01-29,37.14185313626924,37.58874507388774,36.63315846080026,36.76865005493164,166348800
2019-01-30,38.8058000469352,39.495151246226506,38.087921443945866,39.28121566772461,244439200
2019-01-31,39.48564290460484,40.17261830328575,39.1171950882309,39.5640869140625,162958400
2019-02-01,39.68769901522233,40.16786619757071,39.4428566249422,39.583106994628906,130672400
2019-02-04,39.79466519430484,40.8049233830398,39.76376201843734,40.707462310791016,125982000
2019-02-05,41.09016970398383,41.61788130053395,40.96894003396188,41.4039421081543,144406400
2019-02-06,41.51566269527601,41.73435704669742,41.08779158917797,41.41820526123047,112958400
2019-02-07,40.98082132939204,41.34689335525924,40.49114386491136,40.63376998901367,126966800
2019-02-08,40.34253380423419,40.74120801805574,40.206457474282914,40.68152618408203,95280000
2019-02-11,40.83431156223369,40.87250881024949,40.404601628781016,40.44757080078125,83973600
2019-02-12,40.60751528119588,40.82236839461806,40.51202217536083,40.79610824584961,89134000
2019-02-13,40.91546759362625,41.17567944962109,40.56453820729998,40.62660598754883,89960800
2019-02-14,40.51441198616583,40.88443638975765,40.43563153945899,40.77462387084961,87342800
2019-02-15,40.88205832041398,40.98948489841133,40.52396729862934,40.68391418457031,98507200
2019-02-19,40.51441626019325,40.92741351587097,40.46189595684812,40.805660247802734,75891200
2019-02-20,40.86774530443196,41.3762358459738,40.82000055166685,41.06827545166016,104457600
2019-02-21,41.01334849852102,41.14942115745932,40.65525756921384,40.83668899536133,68998800
2019-02-22,40.96083275523248,41.29982510218546,40.91308802122455,41.29266357421875,75652800
2019-02-25,41.57675106475054,41.984972743412,41.52661672459904,41.59346008300781,87493600
2019-02-26,41.46932269171113,41.8488982409956,41.34040790419096,41.617332458496094,68280800
2019-02-27,41.34995418814767,41.7772744208693,41.23536246985703,41.746238708496094,111341600
2019-02-28,41.61494648285592,41.75579472169711,41.28072606279908,41.33563232421875,112861600
2019-03-01,41.60538488377798,41.81307642584319,41.273554151625085,41.77010726928711,103544800
2019-03-04,41.94198922989236,42.43376675972055,41.53137808713145,41.98018646240234,109744800
2019-03-05,42.00168002759919,42.01600308218327,41.66745963565002,41.90380096435547,78949600
2019-03-06,41.69849684673069,41.89425498024918,41.52422693854948,41.662689208984375,83241600
2019-03-07,41.50752098479349,41.64359731559196,41.06587759625248,41.18046569824219,99185600
2019-03-08,40.66003653722328,41.31653662922078,40.464278397663925,41.27833938598633,95997600
2019-03-11,41.89425565466456,42.76083328628098,41.86083397800015,42.70831298828125,128044000
2019-03-12,42.97090961813976,43.60831100701947,42.82051026881575,43.18815231323242,129870400
2019-03-13,43.508053910775175,43.758718324395794,43.19054613921437,43.37914276123047,124130000
2019-03-14,43.90194947627824,43.9496978509338,43.58205576514747,43.861366271972656,94318000
2019-03-15,44.12874187114219,44.7207845418945,43.86375442838504,44.431922912597656,156171600
2019-03-18,44.35553834520154,44.97384125151117,44.35314874059598,44.88551330566406,104879200
2019-03-19,44.96429352836273,45.11707887203992,44.384184229156126,44.5298080444336,126585600
2019-03-20,44.458176915154105,45.236430119419495,44.100086022695,44.918922424316406,124140800
2019-03-21,45.36296154771991,46.8693301940771,45.31282721306185,46.57330703735352,204136800
2019-03-22,46.63298702263183,47.19399759999864,45.54439118481218,45.608848571777344,169630800
2019-03-25,45.71866412166276,45.83086624459337,44.54651584172195,45.05739212036133,175381200
2019-03-26,45.754489402134034,46.04573709000146,44.06429915609198,44.59188461303711,199202000
2019-03-27,45.05976707313321,45.30088027696458,44.53456786757349,44.992923736572266,119393600
2019-03-28,45.10753001684638,45.25315383947743,44.76853763227856,45.0526237487793,83121600
2019-03-29,45.31760251717808,45.37728434049375,45.00964226896314,45.34624862670898,94256000
2019-04-01,45.74970242041629,45.759249910216006,44.97145268625358,45.65421295166016,111448000
2019-04-02,45.6184019777921,46.4229155104042,45.60885448792773,46.31787490844727,91062800
2019-04-03,46.13405477487213,46.90991856798124,46.11018058570054,46.63538360595703,93087200
2019-04-04,46.50167696165577,46.87886643379977,46.10777847709495,46.71653366088867,76457200
2019-04-05,46.89796945071504,47.0531443551704,46.77383025568853,47.02927017211914,74106400
2019-04-08,46.89081455147626,47.80036495686794,46.871715930873805,47.76933288574219,103526800
2019-04-09,47.82184528555595,48.42582494696021,47.56162981016656,47.6260871887207,143072800
2019-04-10,47.43034676524087,47.92212815174793,47.31098309372453,47.89347839355469,86781200
2019-04-11,47.948376968364045,47.984184604276585,47.373043333440464,47.49479293823242,83603200
2019-04-12,47.55448083017114,47.778885091039584,46.84068848347784,47.47570037841797,111042800
2019-04-15,47.40647039627106,47.70965510465262,47.270394078957786,47.561641693115234,70146400
2019-04-16,47.61654439577956,48.07251072757956,47.401687660312966,47.56641006469727,102785600
2019-04-17,47.63565702732204,48.5523728815622,47.41364232534743,48.49269104003906,115627200
2019-04-18,48.49027930010313,48.73616808351934,48.34704513144578,48.66693878173828,96783200
2019-04-22,48.421049618013726,48.924764272283525,48.30407195157679,48.82688522338867,77758000
2019-04-23,48.80302789469298,49.59560440430232,48.67650269713452,49.53114700317383,93292000
2019-04-24,49.50248715739649,49.7698605357806,49.428482286071535,49.45474243164063,70162400
2019-04-25,49.37597136789553,49.597986024015086,48.9677460534086,49.00594329833984,74172800
2019-04-26,48.91522593472804,48.93910012357154,48.25156428300405,48.77199172973633,74596400
2019-04-29,48.795851084600464,49.17065463588192,48.666939965404616,48.845985412597656,88818800
2019-04-30,48.47596891449491,48.55713532887878,47.532996731014585,47.90541076660156,186139600
2019-05-01,50.10408494939952,51.400372389710334,49.948910024794905,50.25687026977539,259309200
2019-05-02,50.09453963227768,50.76536281433166,49.68631795761022,49.92981719970703,127985200
2019-05-03,50.34520096477196,50.57199117489854,50.1876400699806,50.55050659179688,83569600
2019-05-06,48.76959522626785,49.85580509657565,48.581002274765794,49.76986312866211,129772400
2019-05-07,49.149180158416655,49.51681861609969,47.943606504322965,48.42822265625,155054800
2019-05-08,48.19904352807667,49.02026607598343,48.1632358878382,48.43777084350586,105358000
2019-05-09,47.84094484782978,48.14651547093701,46.94810716328086,47.91733932495117,139634400
2019-05-10,47.31104511214,47.65374175144033,46.19668956028004,47.2535285949707,164834800
2019-05-13,44.98407358813538,45.408245519270494,43.81939074079154,44.50717544555664,229722400
2019-05-14,44.67252984613877,45.46096566171211,44.43288321254333,45.21173477172852,146118800
2019-05-15,44.63898984677007,45.95225268045824,44.57907817443571,45.75334548950195,106178800
2019-05-16,45.51129298187126,46.12478777769744,45.25486932916094,45.552032470703125,132125600
2019-05-17,44.79713884034815,45.74853617008886,44.75639935564675,45.29320907592773,131516400
2019-05-20,43.979953493197925,44.17886064816322,43.203497043820846,43.87690353393555,154449200
2019-05-21,44.38735740248691,45.05357486594591,44.26274010770005,44.71807098388672,113459200
2019-05-22,44.25315300927631,44.50478273302888,43.74749841159521,43.802616119384766,118994400
2019-05-23,43.08846676529334,43.265802939260645,42.61156863348258,43.05491638183594,146118800
2019-05-24,43.184317369517565,43.64923236699889,42.80567529586491,42.88955307006836,94858800
2019-05-28,42.87757983293096,43.27778931506044,42.63553802351406,42.71222305297852,111792800
2019-05-29,42.27845585703999,42.98062234841405,42.17780471640916,42.50851821899414,113924800
2019-05-30,42.64512229809682,42.95186972951379,42.33837486667986,42.729000091552734,84873600
2019-05-31,42.23292429098691,42.65470469718947,41.93576481212676,41.95493698120117,108174400
2019-06-03,42.08195356453021,42.637931895817616,40.80463647024104,41.53076553344727,161584400
2019-06-04,42.04360617306693,43.095654753036754,41.82313170796883,43.05012130737305,123872000
2019-06-05,44.16208845470289,44.33223920089857,43.40959805036203,43.74510192871094,119093600
2019-06-06,43.87451208506323,44.44726747099112,43.65163878401224,44.38735580444336,90105200
2019-06-07,44.6965033238102,45.9929928084873,44.51916711157243,45.56881713867188,122737600
2019-06-10,45.96662081555493,46.8197622574143,45.92108736949208,46.15114974975586,104883600
2019-06-11,46.69754519733289,46.97074222523136,46.39559174230331,46.68556213378906,107731600
2019-06-12,46.47946316766171,46.963550384252,46.34526163990616,46.53697967529297,73012800
2019-06-13,46.65919589790624,47.16005645303748,46.39558681154533,46.52738952636719,86698400
2019-06-14,45.90431878881444,46.39319636982068,45.60476046163178,46.18949890136719,75046000
2019-06-17,46.22783260024407,46.72150772045912,46.052891587494855,46.46508407592773,58676400
2019-06-18,46.98272986269059,47.998829391898425,46.78142753974012,47.55788040161133,106204000
2019-06-19,47.85263645530765,47.90056870581225,47.28467512265792,47.41887664794922,84496800
2019-06-20,48.0179909537039,48.07550745757391,47.45721875366059,47.7999153137207,86056000
2019-06-21,47.64174158739226,48.13301781549063,47.485969113903344,47.63694763183594,191202400
2019-06-24,47.57944330591722,47.967673357520425,47.49077521738597,47.58903121948242,72881600
2019-06-25,47.55308073051549,47.751987879310825,46.80059043176467,46.86769485473633,84281200
2019-06-26,47.3949186584968,48.1665811585655,47.29426750501623,47.88140106201172,104270000
2019-06-27,47.99882237571496,48.30557342924731,47.8262801646343,47.86701965332031,83598800
2019-06-28,47.61297723888489,47.80948917517964,47.22235582893298,47.43084716796875,124442400
2019-07-01,48.68900379311359,49.00533908963892,48.08509328129439,48.300777435302734,109012000
2019-07-02,48.26723307900931,48.679425613175255,48.25525001506029,48.58356475830078,67740800
2019-07-03,48.71537363624573,48.9933646445024,48.57398298189236,48.986175537109375,45448000
2019-07-05,48.73215615328759,49.14674390548091,48.62431221679531,48.94304275512695,69062000
2019-07-08,48.12344323760648,48.26483388360054,47.54829273986113,47.93412399291992,101354400
2019-07-09,47.73761261486467,48.29119579901545,47.64415056632906,48.22649383544922,82312000
2019-07-10,48.37267831988703,48.82321154048537,48.303178742828166,48.70338821411133,71588400
2019-07-11,48.72255727579953,48.98137608305649,48.33912484990282,48.34870910644531,80767200
2019-07-12,48.51646413508877,48.88791717832645,48.45655247188003,48.72016525268555,70380800
2019-07-15,48.90949163010754,49.33606244180714,48.8879243058203,49.17789840698242,67789600
2019-07-16,49.02929970892977,49.39356358481479,48.76808577819675,49.00773239135742,67467200
2019-07-17,48.89988765516557,49.14911850100448,48.7129636066072,48.73213577270508,56430000
2019-07-18,48.88791415785004,49.33845100749355,48.816019435097935,49.28572845458984,74162400
2019-07-19,49.31687142833677,49.48702212061245,48.494885358506615,48.55000305175781,83717200
2019-07-22,48.80403991560377,49.6619753808488,48.79445565834239,49.65958023071289,89111600
2019-07-23,49.956738737439146,50.064578990974375,49.67634895884314,50.04780197143555,73420800
2019-07-24,49.76741817507398,50.12209418470075,49.647594852943,50.00706481933594,59966400
2019-07-25,50.05978275817563,50.14366053862095,49.54214517668298,49.61164474487305,55638400
2019-07-26,49.72188447879348,50.26108942568483,49.640405497764334,49.78419494628906,70475600
2019-07-29,49.956745607175016,50.47917358387077,49.95195164997363,50.24911117553711,86693600
2019-07-30,50.028630420839946,50.36413790530998,49.68114352994248,50.033424377441406,135742800
2019-07-31,51.86432814544622,53.05057834512591,50.63733845360822,51.0543212890625,277125600
2019-08-01,51.260410296588674,52.2501520023427,49.54454328515418,49.94954299926758,216071600
2019-08-02,49.254584458359176,49.47026501910301,48.31996381951147,48.89271926879883,163448400
2019-08-05,47.44764549457553,47.605809517619385,46.15115613267699,46.33328628540039,209572000
2019-08-06,47.04502381388391,47.46680417334717,46.50102500392178,47.21038055419922,143299200
2019-08-07,46.82934223936549,47.82387415087288,46.44830502903327,47.699256896972656,133457600
2019-08-08,47.97724715546842,48.77527074843569,47.78313400034172,48.75130462646485,108038000
2019-08-09,48.42415480097006,48.77536618277326,47.94063258255727,48.34958267211914,98478800
2019-08-12,48.02002268819342,48.60457853933476,47.90696052090706,48.22690200805664,89927600
2019-08-13,48.35680487555332,51.03179951623649,48.226901944089214,50.26923370361328,188874000
2019-08-14,48.87160143948995,49.66062875871768,48.73448207413917,48.7729721069336,146189600
2019-08-15,48.94377274292089,49.347907103580994,48.032058839474224,48.53001403808594,108909600
2019-08-16,49.141019237305535,49.83382507339097,49.03517349339124,49.67505645751953,110481600
2019-08-19,50.66615171375127,51.17372750673664,50.52422385951554,50.60120391845703,97654400
2019-08-20,50.72870175988584,51.32287831702901,50.59399031983276,50.60361099243164,107537200
2019-08-21,51.23626555737707,51.39503047697511,50.90189128621012,51.15206909179688,86141600
2019-08-22,51.28437413685631,51.58507054352148,50.69741416374821,51.108768463134766,89014800
2019-08-23,50.37988339602778,51.01014564047347,48.35198833377321,48.74650192260742,187272000
2019-08-26,49.52110100092201,49.84104248936947,49.32865452365744,49.67265319824219,104174400
2019-08-27,50.00221288345861,50.16819791599971,48.96059990979167,49.112152099609375,103493200
2019-08-28,49.09770888213141,49.48741023576001,48.910074625153904,49.44170379638672,63755200
2019-08-29,50.156175336347125,50.35343399884403,49.71355097691558,50.27885818481445,83962000
2019-08-30,50.55549223711403,50.62525219652797,49.84344144801472,50.21390151977539,84573600
2019-09-03,49.658214500289326,49.79052167700322,49.12658521378133,49.482608795166016,80092000
2019-09-04,50.12970852858372,50.391914963037,49.87231426530339,50.3221549987793,76752400
2019-09-05,50.99811361359005,51.47201147242179,50.88023929372371,51.30602645874024,95654800
2019-09-06,51.491262157017566,51.5802671339122,51.12080206554331,51.30121994018555,77449200
2019-09-09,51.68131067884882,52.06620368728937,50.77441263010286,51.520137786865234,109237600
2019-09-10,51.44556444565141,52.14799104975191,50.92836791874749,52.12874603271485,127111600
2019-09-11,52.45830188762013,53.81504412951995,52.37650966317453,53.78617477416992,177158400
2019-09-12,54.07725558292079,54.46695704558074,53.610574059650254,53.66590118408203,128906800
2019-09-13,52.922572195870536,53.11261072641425,52.205712927533845,52.62187576293945,159053200
2019-09-16,52.37650901593333,52.95384839785664,52.335614739521375,52.89851760864258,84632400
2019-09-17,52.912955319127846,53.11983462664283,52.71088451204481,53.090965270996094,73274800
2019-09-18,53.17756244125368,53.60816179083854,52.787861036882994,53.58891677856445,101360000
2019-09-19,53.40608162735368,53.82705656163751,53.01156812147781,53.15349960327149,88242400
2019-09-20,53.25454647661872,53.53840217003478,52.3139670785029,52.37651062011719,221652400
2019-09-23,52.66998928927248,52.884085014203336,52.357264248092,52.61466217041016,76662000
2019-09-24,53.170354738877656,53.52156984690006,52.24661602191957,52.36448669433594,124763200
2019-09-25,52.57377216014629,53.283415103474375,52.23458565709621,53.170352935791016,87613600
2019-09-26,52.92257196747614,53.14869627136216,52.641120547940574,52.89611053466797,75334000
2019-09-27,53.05248026433511,53.15351751274349,52.26826515822796,52.63872528076172,101408000
2019-09-30,53.13906661128495,54.02431872612578,53.11260518112533,53.87757873535156,103909600
2019-10-01,54.14219965889246,54.89995321519849,53.932912441810814,54.02672958374024,139223200
2019-10-02,53.658691430124286,53.78378220885523,52.42463175086889,52.67240905761719,138449200
2019-10-03,52.54489975216936,53.15351275615426,51.75106404471548,53.11983489990234,114426000
2019-10-04,54.279309374301256,54.72434152245183,53.858334406822216,54.60887145996094,138478800
2019-10-07,54.43087209456384,55.311308550510645,54.32743060234528,54.62091064453125,122306000
2019-10-08,54.32262393488646,54.86146966676648,53.96419241668242,53.98102951049805,111820000
2019-10-09,54.61369323730469,54.7965153624932,54.27931892256888,54.61369323730469,74770400
2019-10-10,54.83018438867168,55.433985128762735,54.67863589414209,55.34978866577149,113013600
2019-10-11,56.03778756451031,57.16600118945812,55.88383113476842,56.82200622558594,166795600
2019-10-14,56.50688216419218,57.28388452662698,56.45155503855571,56.7402229309082,96427600
2019-10-15,56.865323557592056,57.16842434652988,56.50208346104349,56.60792922973633,87360000
2019-10-16,56.13882591575506,56.5886703222945,56.09793163708986,56.3793830871582,73903200
2019-10-17,56.55257922947988,56.8075692199058,56.17490641458794,56.59828567504883,67585200
2019-10-18,56.43230897960908,57.15157628203032,56.36014109020242,56.87012481689453,97433600
2019-10-21,57.13713599798401,57.971869612391714,57.089025301514894,57.85639953613281,87247200
2019-10-22,58.01276606582909,58.26294389922715,57.64230598082633,57.724098205566406,82293600
2019-10-23,58.238889244421685,58.51312425689027,58.02719777142456,58.49868774414063,75828800
2019-10-24,58.81862222108492,58.888385843954616,58.169118707672105,58.59490585327149,69275200
2019-10-25,58.49388048589636,59.35266764688448,58.42652477407812,59.31658554077149,73477200
2019-10-28,59.51864206341161,59.95886203254911,59.350252813891615,59.91075134277344,96572800
2019-10-29,59.89150517600361,60.079139431932,58.35194110925527,58.52513885498047,142839600
2019-10-30,58.8787801432467,59.008683089420536,58.02480500243757,58.5179443359375,124522000
2019-10-31,59.47535535189402,59.93962892278996,57.07459217991583,59.84099960327149,139162000
2019-11-01,60.02863102849158,61.56579110685089,59.937221805325485,61.53933334350586,151125200
2019-11-04,61.902568240845305,62.027662657351385,61.43348620261237,61.94346618652344,103272000
2019-11-05,61.83521298667724,62.1094516637506,61.65961096409468,61.85446166992188,79897600
2019-11-06,61.76786206100636,61.94106351751216,61.43108349036237,61.88092422485352,75864400
2019-11-07,62.428620865759896,62.81708447430913,62.2766136869042,62.5951042175293,94940400
2019-11-08,62.41656042739546,62.8387993222777,61.97260727293929,62.76641845703125,69986400
2019-11-11,62.32245899356224,63.32859721707962,62.31763605688488,63.26345443725586,81821200
2019-11-12,63.10662189866164,63.4058133511267,62.954622067164166,63.20554733276367,87388800
2019-11-13,63.005288756272336,63.88595706365368,62.99081258182594,63.811161041259766,102734400
2019-11-14,63.63743402929962,63.91008089634329,63.23932454025214,63.3696174621582,89182800
2019-11-15,63.62054837598867,64.12723657232394,63.45889530662177,64.1224136352539,100206400
2019-11-18,64.1320492800849,64.5253358048109,63.7532462907842,64.44571685791016,86703200
2019-11-19,64.63875387055919,64.66288328473601,64.033147545322,64.25029754638672,76167200
2019-11-20,64.06933118896113,64.1996167578222,62.82915159180207,63.502323150634766,106234400
2019-11-21,63.62297233217371,63.70018351555707,63.01735861761003,63.21762466430664,121395200
2019-11-22,63.3575641963564,63.4999181754677,62.93532519681373,63.16212844848633,65325200
2019-11-25,63.38650127732471,64.28647597885696,63.34065760793023,64.26958465576172,84020400
2019-11-26,64.407131169223,64.46021293797112,63.33584991868023,63.76774215698242,105207600
2019-11-27,64.0789738287976,64.65805022533677,64.01383104765496,64.624267578125,65235600
2019-11-29,64.32507297913462,64.66286257965973,64.15617449724154,64.48190307617188,46617600
2019-12-02,64.48672622239427,64.72318262516326,63.5650447443697,63.7363510131836,94487200
2019-12-03,62.32488301011455,62.61924418107647,61.8375012589291,62.599945068359375,114430400
2019-12-04,62.99079753107585,63.53126088330564,62.89669505639606,63.15245056152344,67181600
2019-12-05,63.64711740381334,64.15380579491827,63.39136173879889,64.0790023803711,74424400
2019-12-06,64.53740668374826,65.38670739096737,64.49397080231735,65.31673431396484,106075600
2019-12-09,65.14541210218792,65.33843260014966,63.91730132800084,64.40227508544922,128042400
2019-12-10,64.80765413470544,65.16233517909905,64.1465435122952,64.77870178222656,90420400
2019-12-11,64.85830938290775,65.41084122340847,64.78351336435996,65.33121490478516,78756800
2019-12-12,64.60978960566402,65.76310470333209,64.49880315683109,65.49769592285156,137310400
2019-12-13,65.49770182904206,66.4242138126888,65.36982404554227,66.38802337646484,133587600
2019-12-16,66.83438152775894,67.74883234755957,66.82955859141919,67.5244369506836,128186000
2019-12-17,67.45448408416172,67.98529434981573,67.26869423240927,67.65715789794922,114158400
2019-12-18,67.50995957045932,68.0166476810069,67.34589137870454,67.4954833984375,116028400
2019-12-19,67.43758668961861,67.84293428071314,67.30488597596364,67.56304931640625,98369200
2019-12-20,68.09628249807736,68.19761571489019,67.21078392805164,67.42311096191406,275978000
2019-12-23,67.68611371554155,68.58367343016074,67.64750812570958,68.52335357666016,98572000
2019-12-24,68.68982629575491,68.73808511636746,68.26276445005648,68.58848571777344,48478800
2019-12-26,68.72120656096197,69.96620925880787,68.6922542085201,69.9493179321289,93121200
2019-12-27,70.24125055231326,70.92889824450315,69.51741242648437,69.92276000976562,146266000
2019-12-30,69.8407032741633,70.62003805453982,68.81768141074184,70.33773803710938,144114400
2019-12-31,69.95414009700069,70.85893791713207,69.85521465174138,70.85169982910156,100805600
2020-01-02,71.4765996590847,72.52858156247073,71.22325926076245,72.46826171875,135480400
2020-01-03,71.69617497011174,72.52376157647284,71.5393448267866,71.76373291015625,146322800
2020-01-06,70.88547942287144,72.37416924858576,70.63454677653742,72.33556365966797,118387200
2020-01-07,72.34520436217124,72.60095990158051,71.77578859164102,71.99535369873047,108872000
2020-01-08,71.6985739444987,73.45508735263148,71.6985739444987,73.15348815917969,132079200
2020-01-09,74.13067516689924,74.90035698659045,73.87974991049977,74.70733642578125,170108400
2020-01-10,74.94137084294664,75.44082088635776,74.3743628731269,74.876220703125,140644800
2020-01-13,75.1923057311866,76.50245093143005,75.07407383392189,76.47590637207031,121532000
2020-01-14,76.41316970238127,76.62308154945259,75.32017458987174,75.44322204589844,161954400
2020-01-15,75.2429965849295,76.12366508873906,74.68804944207676,75.11994171142578,121923600
2020-01-16,75.66279597280943,76.17189926714461,75.3008769215495,76.06090545654297,108829200
2020-01-17,76.30943200280402,76.90539240608445,76.00300982033474,76.90298461914062,137816400
2020-01-21,76.53141272712692,76.97295078497612,76.2442896548719,76.38182067871094,110843200
2020-01-22,76.86677674803076,77.20698153576836,76.56035460570881,76.65445709228516,101832400
2020-01-23,76.70752240640822,77.10321665071739,76.15981365357148,77.02359771728516,104472000
2020-01-24,77.26973366124079,78.01287102929439,76.61103819892749,76.80165100097656,146537600
2020-01-27,74.81110584028455,75.22369163896585,73.56128005375581,74.54328918457031,161940000
2020-01-28,75.42393505290065,76.82335250031947,75.32500962430629,76.65204620361328,162234000
2020-01-29,78.28309057876027,79.1034389225781,77.54236118317645,78.25654602050781,216229200
2020-01-30,77.33969324731856,78.19623208684209,76.90780110255082,78.14315032958984,126743200
2020-01-31,77.43377343365503,77.85601226019499,74.38400653828495,74.6783676147461,199588400
2020-02-03,73.42133771869904,75.63869657493804,72.91947967499588,74.47332000732422,173788400
2020-02-04,76.07777685481715,77.12252036593104,75.67242939074868,76.9319076538086,136616400
2020-02-05,78.0587002140709,78.35789164403798,76.95605907395962,77.55925750732422,118826800
2020-02-06,77.82951018159336,78.46889922045179,77.27215526816731,78.46648406982422,105425600
2020-02-07,77.96582750464246,78.2149347676415,76.90893545307632,77.39989471435547,117684000
2020-02-10,75.9850613598187,77.76750946044922,75.90525344548281,77.76750946044922,109348800
2020-02-11,78.26331921379253,78.33587187126635,77.08065923180118,77.29832458496094,94323200
2020-02-12,77.7481726332658,79.13882181030785,77.7481726332658,79.13398742675781,113730400
2020-02-13,78.4059846442796,78.89694380995043,78.20282989097468,78.57044219970703,94747600
2020-02-14,78.53901899642953,78.83892050632156,78.08192253766144,78.58981323242188,80113600
2020-02-18,76.27047270748963,77.33220694132359,76.08908363725979,77.15081787109375,152531200
2020-02-19,77.39264718918032,78.49791270322793,77.39264718918032,78.26815032958984,93984000
2020-02-20,78.0287063254119,78.51724467318775,76.95971731481961,77.4651870727539,100566000
2020-02-21,77.05887881173565,77.5014720805536,75.09504186089677,75.71176147460938,129554000
2020-02-24,71.8929330165793,73.56654484289926,69.950861613102,72.11543273925781,222195200
2020-02-25,72.78534740458967,73.16747023858986,69.20109972929876,69.6727066040039,230673600
2020-02-26,69.29784412586203,72.0428654399997,69.29058886204834,70.7779769897461,198054800
2020-02-27,67.9845784168311,69.16965138753342,66.01590018074076,66.15133666992188,320605600
2020-02-28,62.21884455259078,67.33401260273769,62.0035927413547,66.11265563964844,426510000
2020-03-02,68.26997869246647,72.90386365568166,67.16713422063305,72.26779174804688,341397200
2020-03-03,73.44319556548463,73.52300347304629,69.12129439177312,69.97261810302734,319475600
2020-03-04,71.69458981682803,73.37787725573932,70.89406048440438,73.21825408935547,219178400
2020-03-05,71.47210154193513,72.4467648225109,70.47809334857007,70.84329223632812,187572800
2020-03-06,68.20226931131931,70.3354058888164,68.01604591388242,69.9024887084961,226176800
2020-03-09,63.78847126369504,67.2566283985615,63.60708224588359,64.3737564086914,286744800
2020-03-10,67.02685855623419,69.27607892653965,65.1476640243261,69.01004028320312,285290000
2020-03-11,67.08733944027128,68.0136294855381,65.74989060302927,66.6133041381836,255598800
2020-03-12,61.8995963124533,65.30003455864062,59.97929100201063,60.034915924072266,418474000
2020-03-13,64.06418648557232,67.69922212839465,61.17646902441562,67.22760772705078,370732000
2020-03-16,58.51609560503949,62.65901820555978,58.044484903274174,58.5789794921875,322423600
2020-03-17,59.86079519838787,62.30349851090025,57.65752303606562,61.15470504760742,324056000
2020-03-18,57.98886476183712,60.46301010190362,57.34795464053538,59.65764236450195,300233600
2020-03-19,59.8317610046788,61.1498535536418,58.67570883898437,59.20052719116211,271857200
2020-03-20,59.78098394677199,60.90559811822868,55.14226370959631,55.442161560058594,401693200
2020-03-23,55.16160823517076,55.26318563901528,51.42015725357116,54.26433563232422,336752800
2020-03-24,57.16413951249609,59.90432314625296,56.66592497733461,59.70842361450195,287531200
2020-03-25,60.644394003218935,62.45828415286656,59.08444921259577,59.37950897216797,303602000
2020-03-26,59.6213587856584,62.56227643476942,59.58266157820947,62.50423431396485,252087200
2020-03-27,61.12809725879501,61.88267437044843,59.74954150082475,59.91641998291016,204216800
2020-03-30,60.64197645935922,61.798028812791074,60.31789194982397,61.626312255859375,167976400
2020-03-31,61.81737089780695,63.4837272918864,60.946702246706586,61.50054168701172,197002000
2020-04-01,59.61651236600977,60.15342405049904,57.83406447537594,58.26456069946289,176218400
2020-04-02,58.12670149259704,59.290008876006624,57.29473012664799,59.23680114746094,165934000
2020-04-03,58.72166070290784,59.423029959454176,57.79536718895445,58.3854866027832,129880000
2020-04-06,60.68066393279939,63.63367471849766,60.31305155829202,63.4788932800293,201820400
2020-04-07,65.49351989948178,65.71119260823201,62.6396691972311,62.7436637878418,202887200
2020-04-08,63.54419230307632,64.66396824725281,63.17900080091498,64.34956359863281,168895200
2020-04-09,64.98563931197687,65.31697539124775,64.0182312530311,64.81391906738281,161834800
2020-04-13,64.89130259807796,66.19488828158737,64.29150704508059,66.08605194091797,131022800
2020-04-14,67.71856827528313,69.71384751910844,67.24695386535642,69.42362213134766,194994800
2020-04-15,68.29899592755704,69.24947241325025,67.87092059097999,68.78995513916016,131154400
2020-04-16,69.5034416112321,69.70176205876241,68.28692612469368,69.33656311035156,157125200
2020-04-17,68.85284815768563,69.3994360529156,66.95914281806782,68.39574432373047,215250000
2020-04-20,67.22276798842614,68.12487124671051,66.95672930580358,66.97607421875,130015200
2020-04-21,66.81888089328784,67.05347766583337,64.19478479973962,64.90583038330078,180991600
2020-04-22,66.1731282940646,67.21067553657838,65.8321234375921,66.77534484863281,116862400
2020-04-23,66.71971058203668,68.14180153410112,66.47785858014103,66.51655578613281,124814400
2020-04-24,67.04137578063921,68.44653527723898,66.99300242947831,68.43685913085938,126161200
2020-04-27,68.1538860746012,68.81656552903699,67.7064658092128,68.4852294921875,117087600
2020-04-28,68.94716776474043,69.12855677224428,67.28323213572467,67.37512969970703,112004800
2020-04-29,68.86253288111276,70.05728252965069,68.65937805652075,69.58808898925781,137280800
2020-04-30,70.12741093803704,71.2326764610738,69.7380327214539,71.05612182617188,183064000
2020-05-01,69.23012322658217,72.31373570217666,69.13338391918131,69.91214752197266,240616800
2020-05-04,69.93634950460861,71.02951794095532,69.24706979478302,70.90133666992188,133568000
2020-05-05,71.36083945419138,72.79744070168688,71.21572680056569,71.96546936035156,147751200
2020-05-06,72.66683632686777,73.33918446648443,72.28229260413691,72.70795440673828,142333600
2020-05-07,73.33436077692376,73.80597511019377,73.03204578911914,73.46012115478516,115215200
2020-05-08,74.11976524502593,75.26196994409985,73.79237965846578,75.2086181640625,133838400
2020-05-11,74.71630682370795,76.88673708897407,74.50774723825187,76.39202880859375,145946400
2020-05-12,77.07588574980144,77.52695196972876,75.39774386669593,75.51899719238281,162301200
2020-05-13,75.69847326337334,76.62000326531418,73.53046253450013,74.60719299316406,200622400
2020-05-14,73.84571291244961,75.12614791139806,73.12304032792042,75.06552124023438,158929200
2020-05-15,72.83688885866347,74.6678114842192,72.80293436830361,74.62173461914062,166348400
2020-05-18,75.94581646414036,76.75336041216173,75.25467098028571,76.37989807128906,135178400
2020-05-19,76.39688667871405,77.24323270759544,75.90702580080492,75.93855285644531,101729600
2020-05-20,76.79700126927659,77.4857192413937,76.7581993186441,77.41539764404297,111504800
2020-05-21,77.27720108647698,77.81799379794089,76.6006051884002,76.83826446533203,102688800
2020-05-22,76.57634250040586,77.41542106029263,76.4744938248148,77.33296966552734,81803200
2020-05-26,78.45092620311642,78.63037881290926,76.75337911371359,76.80915832519531,125522000
2020-05-27,76.66607534046294,77.28931196459057,75.92642542981746,77.14380645751953,112945200
2020-05-28,76.81885227689466,78.43637538186252,76.54239845998111,77.17776489257812,133560800
2020-05-29,77.42024505800298,77.88100619527637,76.74607689275909,77.1025619506836,153532400
2020-06-01,77.05649478835441,78.17202695622836,76.92553911368113,78.05077362060547,80791200
2020-06-02,77.78403309563147,78.43637678676062,77.34266907399055,78.41212463378906,87642800
2020-06-03,78.73222950297175,79.10569190926654,78.15990981793529,78.84378051757812,104491200
2020-06-04,78.66674739088378,78.96502587807994,77.79129440641832,78.16475677490234,87560400
2020-06-05,78.4145328231229,80.45158736054894,78.3854332069865,80.39096069335938,137250400
2020-06-08,80.08783519139197,80.90023409134206,79.37729235859877,80.86627960205078,95654400
2020-06-09,80.54618503439575,83.81274342787988,80.51465797687612,83.41988372802734,147712400
2020-06-10,84.36808676274399,86.03410675203712,83.92915018975505,85.56607055664062,166651600
2020-06-11,84.71000009547407,85.13438674688165,81.35613627237949,81.4579849243164,201662400
2020-06-12,83.59690535411025,84.34382269299937,81.05058514318586,82.16126251220703,200146000
2020-06-15,80.81534793256503,83.82970407027696,80.65286520703812,83.17736053466797,138808800
2020-06-16,85.23140666668927,85.65337337676685,83.596913801037,85.38175964355469,165428800
2020-06-17,86.12625510451949,86.18688178098341,85.1416784708026,85.26293182373047,114406400
2020-06-18,85.21928633315488,85.71400210817573,84.68819603071728,85.29689025878906,96820400
2020-06-19,86.0025767936151,86.4681854978016,83.70118325430472,84.80944061279297,264476000
2020-06-22,85.20228371964926,87.1714364918586,85.1562068650672,87.02835845947266,135445200
2020-06-23,88.27244463261384,90.30465209700697,87.85290534963454,88.885986328125,212155600
2020-06-24,88.51495463894143,89.43405719903721,86.94350839643548,87.31697082519531,192623200
2020-06-25,87.47216145830379,88.51493721035841,86.71311437427568,88.47613525390625,137522400
2020-06-26,88.37185869535793,88.59254065861916,85.609704103183,85.75763702392578,205256800
2020-06-29,85.66548805897895,87.82865098546023,85.18774958467372,87.73406982421875,130646000
2020-06-30,87.32182147239291,88.75261712274803,87.30242419000004,88.4664535522461,140223200
2020-07-01,88.5440368956825,89.087249484998,88.25060588813794,88.29910278320312,110737200
2020-07-02,89.20608278944812,89.84144910031887,88.18513174947753,88.29910278320312,114041600
2020-07-06,89.72747297069945,91.12916130648333,89.69594591770318,90.66112518310548,118655600
2020-07-07,91.03943260618246,91.81787696805416,90.26826314860052,90.37981414794922,112424400
2020-07-08,91.35712467862729,92.51630641314864,91.26981841791164,92.48477935791016,117092000
2020-07-09,93.37718505702487,93.43053681744466,91.83484627515188,92.88247680664062,125642800
2020-07-10,92.4774952860812,93.10316665691909,91.86638112451728,93.04496002197266,90257200
2020-07-13,94.34965940036577,96.9590339515966,92.4023308274818,92.61573791503906,191649200
2020-07-14,91.99732841763048,94.33994377964608,91.0636836420722,94.14836883544922,170989200
2020-07-15,96.02294350650172,96.27272509234513,93.5978766922098,94.79586029052734,153198000
2020-07-16,93.66820411710265,94.48545043557608,93.03041037162107,93.62940216064452,110577600
2020-07-17,94.08048312128706,94.2356835706405,92.96737078589749,93.44026184082033,92186800
2020-07-20,93.527569101271,95.54764680403544,93.18320630571225,95.40941619873048,90318000
2020-07-21,96.19998173978416,96.27515822341762,93.84281636080428,94.09259796142578,103433200
2020-07-22,93.79428592258868,95.03834610934166,93.7069870887818,94.35690307617188,89001600
2020-07-23,94.09015830080249,94.16776220953984,89.25215478910144,90.06212615966797,197004400
2020-07-24,88.26032885670101,90.18340548239308,86.47304800936116,89.83904266357422,185438800
2020-07-27,90.90121836821324,92.06040019801183,90.6781163294016,91.96824645996094,121214000
2020-07-28,91.5389903643371,91.7160228925572,90.45255785000906,90.45741271972656,103625600
2020-07-29,90.94000979201954,92.375652669585,90.9036352682461,92.19134521484376,90329200
2020-07-30,91.36438122490844,93.4111379617254,90.95697182534605,93.3068618774414,158130000
2020-07-31,99.80120250061276,103.2253956841153,97.80294239807122,103.07504272460938,374336800
2020-08-03,104.95690446853536,108.29137183717285,104.6586259422002,105.67230224609376,308151200
2020-08-04,105.86146544829272,107.46928629631358,105.13879270885472,106.37800598144533,173071600
2020-08-05,106.09909913352544,107.08367565483032,105.63348305512756,106.76356506347656,121776800
2020-08-06,107.095798287908,110.98318005233068,106.506508834704,110.48846435546876,202428800
2020-08-07,110.00988008396922,110.4666158915092,107.179584578467,107.9764404296875,198045600
2020-08-10,109.4219488794754,110.56378836086954,106.89533339122228,109.5458526611328,212403600
2020-08-11,108.80973072656776,109.30776282738468,106.02801970691873,106.28797149658205,187902400
2020-08-12,107.37880502863388,110.07791644345322,107.1844528144561,109.82039642333984,165598000
2020-08-13,111.20029196815734,112.7672832263659,110.71197231378294,111.76392364501952,210082000
2020-08-14,111.58900987277718,111.75420996900904,109.85438662016136,111.66432189941406,165565200
2020-08-17,112.78671524478968,112.81101111968458,110.74598779263944,111.3727798461914,119561600
2020-08-18,111.12499444220938,112.72599420294756,110.78973060078704,112.30084228515624,105633600
2020-08-19,112.70895882104858,113.8556542958361,112.3469747919468,112.44171905517578,145538000
2020-08-20,112.48304748879556,115.05096678859472,112.46603963312674,114.93678283691406,126907200
2020-08-21,115.89639140480683,121.343197228119,115.88424717471018,120.8597412109375,338054800
2020-08-24,125.06508356054808,125.15012282147948,120.4394370937976,122.30524444580078,345937600
2020-08-25,121.17801402833966,121.64689406910604,119.57943869691742,121.30191040039062,211495600
2020-08-26,122.61866031262532,123.4082280829776,121.5521329040774,122.95149230957033,163022400
2020-08-27,123.55398543919011,123.8868174078926,120.33740304612245,121.48167419433594,155552400
2020-08-28,122.45588862300936,122.87375249170243,121.0613927954914,121.28490447998048,187630000
2020-08-31,123.97916478082978,127.30263641002205,122.44375715773111,125.39794921875,225702700
2020-09-01,129.01297839781074,130.99540977192325,126.84592203649557,130.3928985595703,151948100
2020-09-02,133.7065923759571,134.0855842416923,123.41549301335552,127.69129943847656,200119000
2020-09-03,123.32804426416962,125.20356404417052,117.09895914430102,117.46823120117188,257599600
2020-09-04,116.68111019411374,120.20865338231155,107.76020880398583,117.54598999023438,332607200
2020-09-08,110.73384613966655,115.6315969151868,109.49969417268504,109.6357421875,231366600
2020-09-09,113.95042385620658,115.77735955442188,112.00687240165654,114.00872802734376,176940500
2020-09-10,116.96292102510624,117.09896902670128,109.32476361414018,110.2868194580078,182274400
2020-09-11,111.33636140049826,111.97773703500988,106.8953459603446,108.83889770507812,180860300
2020-09-14,111.4821213907461,112.6579692235783,109.61631362694924,112.10405731201172,140150100
2020-09-15,114.99022398928534,115.4761118546192,110.40344135428404,112.27896881103516,184642000
2020-09-16,111.97772065587976,112.72598470596552,108.87775370396636,108.9652099609375,154679000
2020-09-17,106.6232270995851,109.03322659577088,105.64173160246284,107.22572326660156,178011000
2020-09-18,107.28405084908114,107.75049908575596,103.09569206867344,103.82452392578124,287104900
2020-09-21,101.58944459122996,107.07997942887016,100.19008504511056,106.97308349609376,195713800
2020-09-22,109.49968334608216,109.67460326412942,106.07903623256472,108.65423583984376,183055400
2020-09-23,108.46960942834048,108.9457774591232,103.75649121629566,104.09661865234376,150718700
2020-09-24,102.20165410941536,107.13827671141094,102.03645401086756,105.1655731201172,167743300
2020-09-25,105.3696421159189,109.266464847538,104.63109048927912,109.11097717285156,149981400
2020-09-28,111.76391614848642,112.06516421823142,109.5968532533832,111.71532440185548,137672400
2020-09-29,111.31690400095869,112.05544815901068,110.36456059896766,110.86988067626952,99382200
2020-09-30,110.57836749432272,113.95043065542164,110.41316739020328,112.54135131835938,142675200
2020-10-01,114.31969839365316,114.3974422328623,112.56078666239472,113.49369049072266,116120400
2020-10-02,109.70374996252428,112.1137567801894,109.05266207166842,109.830078125,144712000
2020-10-05,110.69498771842362,113.35765140139708,110.34514782850756,113.21188354492188,106243800
2020-10-06,112.4344444777198,112.84259590260606,109.08182130955358,109.96614074707033,161498200
2020-10-07,111.38493900127489,112.2886907442599,110.9087635462189,111.83195495605467,96849000
2020-10-08,112.9689390012096,113.11470685692662,111.35578758231397,111.72506713867188,83477200
2020-10-09,112.0263212825614,113.69777696782543,111.67648137568932,113.66862487792967,100506900
2020-10-12,116.67139028698064,121.64688463034302,115.91340641347357,120.88890075683594,240226800
2020-10-13,121.73434029707664,121.85095605169045,116.2729655353852,117.68203735351562,262330500
2020-10-14,117.58486097492064,119.55756448106015,116.24381316344191,117.76950073242188,150712000
2020-10-15,115.36921555833268,117.7792152107274,114.81530369020432,117.30304718017578,112559200
2020-10-16,117.8569511570842,118.11933473782236,115.45666408455465,115.66073608398438,115393800
2020-10-19,116.57425324492384,117.02126933507893,112.39562070787612,112.7065887451172,120639300
2020-10-20,112.92034331318092,115.62188622477068,112.36643141199016,114.19337463378906,124423700
2020-10-21,113.37706680716391,115.35949008406752,113.16327497131252,113.57142639160156,89946000
2020-10-22,114.13504787679302,114.7083993693713,111.35576890640716,112.4830322265625,101988000
2020-10-23,113.10497125192926,113.2604589200965,111.05452396584916,111.79307556152344,82572600
2020-10-26,110.79214024867784,113.26045120729546,109.69402905569096,111.80278778076172,111850700
2020-10-27,112.23037227607988,113.96985164953288,111.30718833691203,113.30904388427734,92276800
2020-10-28,111.80280503922792,112.17207716189112,107.96428630838616,108.06146240234376,143937800
2020-10-29,109.19844245324492,113.62973745029149,109.0332349429399,112.06517791748048,146129200
2020-10-30,107.92541751822762,108.82916930496091,104.6796899187288,105.78751373291016,190272600
2020-11-02,106.03046563409058,107.5561534514894,104.29098593931356,105.70005798339844,122866900
2020-11-03,106.56493023946784,108.34327419283328,105.6611785129121,107.32291412353516,107624400
2020-11-04,110.91847624915664,112.32754802876924,109.178996880867,111.7056121826172,138235500
2020-11-05,114.62095911814944,116.2438304304953,113.57144682955948,115.67047882080078,126387100
2020-11-06,115.1788748490344,116.03551019200556,113.04701195376391,115.53905487060548,114457900
2020-11-09,117.30100266982896,118.75144452373826,112.96914288637264,113.23197174072266,154515300
2020-11-10,112.48241768033424,114.46825386220856,111.10010975217423,112.89126586914062,138023400
2020-11-11,114.07888176862647,116.45410042104282,113.34879251575484,116.31781768798828,112295000
2020-11-12,116.44436895423854,117.33020670166636,115.42224104958544,116.04524993896484,103162300
2020-11-13,116.269139549406,116.49302940870272,114.74081980829088,116.09391784667967,81581900
2020-11-16,115.7629391328116,117.77798498184065,115.01338417236556,117.10630798339844,91183000
2020-11-17,116.37621490316717,117.4664766273085,115.80187423618474,116.220458984375,74271000
2020-11-18,115.46118772161483,116.63906421361688,114.86738117394036,114.8965835571289,76322100
2020-11-19,114.46825901798518,115.89923517011198,113.70896736833063,115.49038696289062,74113000
2020-11-20,115.49038264932382,115.61692877725572,114.17622350270928,114.22489166259766,73604300
2020-11-23,114.069151027174,114.49747245412723,110.73020904206231,110.82755279541016,127959300
2020-11-24,110.885966009348,112.77445860760254,109.60100171666316,112.11251068115234,113874200
2020-11-25,112.4824235383736,113.65056340347142,112.11250688717266,112.94967651367188,76499200
2020-11-27,113.47533097531714,114.37090528252364,113.13462416571154,113.49479675292967,46691300
2020-11-30,113.86470584710362,117.7585146753094,113.70894992908693,115.88948822021484,169410200
2020-12-01,117.7974716427606,120.19216354656008,116.82401928706074,119.46207427978516,127728200
2020-12-02,118.78065829638932,120.0948249747314,117.68065976068436,119.8125228881836,89004200
2020-12-03,120.24082042379452,120.493920092042,118.96560033409804,119.6762237548828,78967600
2020-12-04,119.34523864615622,119.5983382985472,118.2939084840868,119.00453186035156,78260400
2020-12-07,119.06294045566084,121.2629445857138,119.0045356981682,120.46471405029295,86712000
2020-12-08,121.06826612455384,121.66207262611567,119.82224093273688,121.07799530029295,82225500
2020-12-09,121.22400598300898,122.60630637821868,117.78772077192583,118.54701232910156,115089200
2020-12-10,117.3009969843338,120.58153376453308,116.96029017970808,119.96825408935548,81312200
2020-12-11,119.17978224822454,119.50102333511974,117.34969433896116,119.16031646728516,86939800
2020-12-14,119.34524286701082,120.0753320453492,118.31338587155162,118.54701232910156,79184500
2020-12-15,121.0390623043862,124.5045577398364,120.8346382009764,124.4850845336914,157243700
2020-12-16,124.0275714003019,124.96207736777792,123.20013093515551,124.4169464111328,98208600
2020-12-17,125.47799742873109,126.13995272668132,124.64082784390504,125.28330993652344,94359800
2020-12-18,125.53643662481484,125.67271937598676,122.77182775778556,123.29749298095705,192541500
2020-12-21,121.70100925990955,124.90366837554562,120.1726893708652,124.82579040527344,121251600
2020-12-22,128.1160699450411,130.8417396142282,126.20809672049867,128.37890625,168904800
2020-12-23,128.65146195480474,128.91428338608608,127.3080930023302,127.48332214355467,88223700
2020-12-24,127.83375369258948,129.91694086606563,127.61959301416368,128.46649169921875,54930100
2020-12-28,130.43289960768968,133.69395641508856,129.96563173528466,133.06121826171875,124486200
2020-12-29,134.38509099699746,135.10543618196706,130.77357648181422,131.2895050048828,121047300
2020-12-30,131.98066583416636,132.37978484573765,129.85853207666074,130.1700439453125,96452100
2020-12-31,130.5204561905309,131.16293812586437,128.22310869600184,129.1673583984375,99116600
2021-01-04,129.97536179433877,130.06296894085764,123.39482183574113,125.97447204589844,143301900
2021-01-05,125.46829829131131,128.2426439940135,125.02050358369392,127.53201293945312,97664900
2021-01-06,124.32933639261915,127.57093452826126,123.02490637051052,123.23906707763672,155088000
2021-01-07,124.9523086375416,128.13550107409313,124.46558260122424,127.44434356689452,109578200
2021-01-08,128.91428961570313,129.10899197173987,126.77269738263776,128.5443878173828,105158200
2021-01-11,125.76029392736588,126.71427293823224,125.08860952298478,125.5558624267578,100384500
2021-01-12,125.08860712256087,126.24701761180567,123.49214611607862,125.38064575195312,91951100
2021-01-13,125.34172565614996,127.9603149883141,125.07890420286044,127.4151840209961,88636800
2021-01-14,127.32757155716696,127.5222590582708,125.34172042627678,125.4877471923828,90221800
2021-01-15,125.36119363586094,126.76296740977295,123.62844962469308,123.76473236083984,111598500
2021-01-19,124.38774103736688,125.29305945365388,123.570044622059,124.43641662597656,90757300
2021-01-20,125.24437293876636,128.97269692470792,125.13729259464834,128.52490234375,104319500
2021-01-21,130.2479286583061,135.96208925479198,130.0434971272025,133.23641967773438,120150900
2021-01-22,132.66206599733243,136.13729751698824,131.435521560002,135.3780059814453,114459400
2021-01-25,139.27182020640586,141.23818305206848,132.91516336360118,139.12579345703125,157611700
2021-01-26,139.78772681607,140.46914031198884,137.6169179490498,139.35940551757812,98390600
2021-01-27,139.62224478331817,140.46915831522645,136.68242977361535,138.2886199951172,140843800
2021-01-28,135.81607367562873,138.22050212672593,133.07093096645875,133.45057678222656,142621100
2021-01-29,132.22404319902353,133.10988846080656,126.7532453845792,128.456787109375,177523800
2021-02-01,130.19925735971532,131.78598951100426,127.45411448597896,130.5789031982422,106239800
2021-02-02,132.12670214686938,132.69130637282277,131.03644011259044,131.40635681152344,83305400
2021-02-03,132.15587647941985,132.16562050861145,130.0629600142458,130.3842010498047,89880900
2021-02-04,132.68154013575978,133.75232866214105,131.01693030921246,133.7425994873047,84183100
2021-02-05,133.90348403057772,133.97171978594034,132.45086722756864,133.32827758789062,75693800
2021-02-08,132.61661008272995,133.5232814106689,131.53446261926186,133.4745330810547,71297200
2021-02-09,133.19178552172198,134.4201778248724,132.44111786524098,132.5970916748047,76774200
2021-02-10,133.05529021983176,133.5525022619222,131.0274820724659,131.99264526367188,73046600
2021-02-11,132.4898338171174,132.9675435248031,130.41329236021338,131.73916625976562,64280000
2021-02-12,130.97873504321333,132.12911793128706,130.33529298247856,131.97312927246094,60145100
2021-02-16,132.09017454240117,132.5971155475775,129.45791334796667,129.84788513183594,80576300
2021-02-17,127.95655446293937,128.9022155221852,126.22122104772362,127.5568389892578,97918500
2021-02-18,125.95798807847142,126.73791669485072,124.21291100168492,126.4552001953125,96856700
2021-02-19,126.9719012661051,127.43010877587982,125.5680327149572,126.61117553710938,87668800
2021-02-22,124.79785290469384,126.46495059628728,122.4483306541044,122.83829498291016,103916400
2021-02-23,120.65450174383162,123.53047464131258,115.4192480708504,122.7018051147461,158273000
2021-02-24,121.804881845143,122.40931941932187,119.16288479188184,122.20458984375,111039900
2021-02-25,121.5513960656033,123.28672920715788,117.51528197921584,117.95398712158205,148199500
2021-02-26,119.51382934353045,121.71712094720247,118.15870939243612,118.21720886230467,164560400
2021-03-01,120.64471905780232,124.71982986571714,119.70880940251382,124.58334350585938,116307900
2021-03-02,125.18781457062964,125.4900333680428,121.87312920015346,121.9803695678711,102260900
2021-03-03,121.67814086921052,122.55555866097826,118.78266587535208,118.99714660644533,112966300
2021-03-04,118.69491428410296,120.49849054949536,115.64345838509745,117.11556243896484,178155000
2021-03-05,117.9442454649468,118.88015523948292,114.61980921267136,118.37319946289062,153766600
2021-03-08,117.89548670485604,117.96372988743823,113.29392514231552,113.4401626586914,154376600
2021-03-09,116.04317714685727,118.99714411910485,115.80920155325995,118.05148315429688,129525800
2021-03-10,118.63641969338748,119.10437082693088,116.45262294368769,116.96932983398438,111943300
2021-03-11,119.4651060547753,120.11829196722468,118.21722627040926,118.899658203125,103026500
2021-03-12,117.37881505652804,118.1294902427008,116.16993234824494,117.99300384521484,88105100
2021-03-15,118.36346113570012,120.88846666765528,117.39829786101336,120.87871551513672,92403800
2021-03-16,122.545787336103,124.02764990448208,121.59038279407471,122.41905212402344,115227900
2021-03-17,120.93718872359784,122.70176761072268,119.27009158868452,121.6293716430664,111932600
2021-03-18,119.79656889154106,120.08904396527872,117.30080936399337,117.50553894042967,121229700
2021-03-19,116.89134214689705,118.3829485565644,116.6768614326796,116.97908020019533,185549500
2021-03-22,117.31054946298084,120.76172079332808,117.2423062772656,120.29376220703124,111912300
2021-03-23,120.23528824072892,121.1224497883406,119.07514647128622,119.4651107788086,95467100
2021-03-24,119.73807557407793,119.81606991796892,117.0570813659124,117.07657623291016,88530500
2021-03-25,116.54039316706906,118.60719885311322,116.01394245162524,117.56404113769533,98844700
2021-03-26,117.33004413015976,118.43169368935104,115.93592696323272,118.16846466064452,94071200
2021-03-29,118.59744153314396,119.50410536738508,117.70052885181629,118.34396362304688,80819200
2021-03-30,117.09605643991245,117.37878030470016,115.87742293890422,116.89132690429688,85671900
2021-03-31,118.5974235736093,120.42049468098196,118.10997013305848,119.08487701416016,118323800
2021-04-01,120.55699346889742,121.06394179532072,119.41634671803332,119.9135513305664,75089100
2021-04-05,120.76173132452315,122.99426922039768,119.98180275866348,122.74079132080078,88651200
2021-04-06,123.32573080877204,123.93991951774667,122.49706137788412,123.04300689697266,80171300
2021-04-07,122.67254799737614,124.71010003062226,121.99985979599344,124.69060516357422,83466700
2021-04-08,125.7142373077892,127.1181055739932,125.29503449613289,127.08885955810548,88844600
2021-04-09,126.54292881700624,129.70161790758218,126.22120772891054,129.66262817382812,106686700
2021-04-12,129.19469541138892,129.5164165453594,127.3521215538503,127.94681549072266,91420000
2021-04-13,129.11667689697725,131.28097148351077,128.61946483937675,131.05673217773438,91266500
2021-04-14,131.55394754511985,131.61243958256816,128.35625390681537,128.7169647216797,87222800
2021-04-15,130.4620703374586,131.6124535315985,130.2865793306145,131.125,89347100
2021-04-16,130.93001971708307,131.29073056509336,129.93561036138595,130.7935333251953,84922400
2021-04-19,130.1598384774607,132.07066289352065,129.99410605950115,131.4564666748047,94264200
2021-04-20,131.63194282012853,132.12914001786334,128.5024849113631,129.76986694335938,94812300
2021-04-21,129.03866179917034,130.39378162626917,128.00526299408884,130.15005493164062,68847100
2021-04-22,129.7016154150474,130.78376273570044,128.11252718583415,128.6292266845703,84566500
2021-04-23,128.8437210981472,131.72943767595572,128.8437210981472,130.94952392578125,78657500
2021-04-26,131.44670263718533,131.67092706494682,130.2085666757299,131.33946228027344,66905100
2021-04-27,131.62218352757128,132.01215523774303,130.7447732125093,131.0177459716797,66015800
2021-04-28,130.9397203492265,131.63191067198548,129.7405892381977,130.22804260253906,107760100
2021-04-29,133.04553085743174,133.63048088194913,129.12640139531834,130.13055419921875,151101000
2021-04-30,128.47323262027362,130.20856574635297,127.78105703815494,128.16127014160156,109839500
2021-05-03,128.7267036427075,130.70577838338053,128.5219815192614,129.2141571044922,75135100
2021-05-04,127.89803861753046,128.19051366277054,123.52070128030384,124.641845703125,137564700
2021-05-05,125.95797834787253,127.17661206810328,124.7588469324174,124.88558959960938,84000900
2021-05-06,124.6808672259151,126.49419500952705,123.9399357544084,126.48445129394533,78128300
2021-05-07,127.78326383187957,128.18364330353234,126.44536250089044,127.15826416015624,78973300
2021-05-10,126.37699713829772,126.50394017112625,123.8379278654038,123.87699127197266,88071200
2021-05-11,120.60552510907532,123.31060121990448,119.89263087268372,122.95904541015624,126142800
2021-05-12,120.50787096501224,121.71880695136792,119.38482206893003,119.89263153076172,112172300
2021-05-13,121.66020248327752,123.1934058703671,121.34770266713772,122.0410614013672,105861300
2021-05-14,123.29106392253492,124.892626453878,122.90043727939631,124.4629364013672,81918000
2021-05-17,123.84770522027009,123.95512773405063,122.23637496414496,123.3105926513672,74244600
2021-05-18,123.59380326356953,124.01372562566158,121.85552242300643,121.92388153076172,63342900
2021-05-19,120.2734914717984,121.99223682754791,119.9805196188087,121.76763153076172,92612000
2021-05-20,122.29497252696002,124.72661200774762,122.16801458440844,124.3262176513672,76857100
2021-05-21,124.8242725716539,125.00005419589024,122.27544274551911,122.49028778076172,79295400
2021-05-24,123.0566820083278,124.94144853323613,122.9883229095211,124.12113189697266,63092900
2021-05-25,124.8242630592938,125.31255193436976,123.35941878581563,123.9258270263672,72009500
2021-05-26,123.98441377739124,124.40433608477755,123.45706896458633,123.87699127197266,56575900
2021-05-27,123.4766353876523,124.6485080765433,122.1485090332639,122.34381866455078,94625600
2021-05-28,122.62699835536804,122.85161109201668,121.63090751379944,121.6894989013672,71311100
2021-06-01,122.14846352342305,122.41213217248166,121.0351826485852,121.3672103881836,67637100
2021-06-02,121.36722658627286,122.30472600333286,121.14262130905784,122.12894439697266,59278900
2021-06-03,121.7578580944845,121.9238719931058,120.24418267613343,120.6445770263672,76229200
2021-06-04,121.16216229807738,123.20318269390796,120.94731726161272,122.93950653076172,75169300
2021-06-07,123.21294086384106,123.35942679081124,121.90435013756394,122.94927215576172,71057600
2021-06-08,123.63286644051075,125.44928155152505,123.2520074907996,123.76958465576172,74403800
2021-06-09,124.22857085419676,124.75591573650723,123.55474004059155,124.15044403076172,56877900
2021-06-10,124.04301866252897,125.18560293992084,122.98833637271277,123.15435028076172,71186400
2021-06-11,123.56449131477484,124.45316704928788,123.14456900791605,124.36527252197266,53522400
2021-06-14,124.82425243468346,127.4804968993435,124.09183036028564,127.42190551757812,96906500
2021-06-15,126.89459540801074,127.53913054805692,126.3574827913056,126.60162353515624,62746300
2021-06-16,127.31451546549631,127.82233240549728,125.44929143219892,127.09967041015624,91815000
2021-06-17,126.75786702289923,129.44341498990488,126.61137364763496,128.7012176513672,96721700
2021-06-18,127.64654551455348,128.4277839276905,127.18755975119328,127.40240478515624,108953300
2021-06-21,127.24613887941126,129.3066870329964,126.18168897810015,129.1992645263672,79663300
2021-06-22,129.03327220047046,130.93756704429327,128.53521554050778,130.83990478515625,74783600
2021-06-23,130.63483384623305,131.17194646480604,130.10748149302736,130.56646728515625,60214200
2021-06-24,131.29889842930257,131.4844477920528,129.8145184284701,130.2832794189453,68711000
2021-06-25,130.33209840454234,130.7520133222248,129.69732354370646,129.99029541015625,70783700
2021-06-28,130.28323808863115,132.08010994524813,130.22464670870133,131.62112426757812,62111300
2021-06-29,131.64070164987749,133.2910955826677,131.2012512591816,133.1348419189453,64556100
2021-06-30,132.9785831720377,134.18952666784298,132.6856112890496,133.7500762939453,63261400
2021-07-01,133.39848486144226,134.11137153536558,132.5781607819675,134.0527801513672,52485800
2021-07-02,134.66798639792978,136.71877396791402,134.5215079577154,136.67971801757812,78852600
2021-07-06,136.78715756035768,139.79495784960233,136.78715756035768,138.6914520263672,108181800
2021-07-07,140.17582819219206,141.4941940308165,139.31646299700128,141.18170166015625,104911600
2021-07-08,138.2617755637112,140.68364735524526,137.37309975875638,139.88287353515625,105575500
2021-07-09,139.4043563311566,142.2363828285555,139.30669407903906,141.70904541015625,99890800
2021-07-12,142.78327143895456,142.89069395646402,140.62506082396192,141.11334228515625,76299700
2021-07-13,140.65435663279786,144.00397520789517,140.2637374239949,142.22662353515625,100827100
2021-07-14,144.62894843170855,146.06449685832388,144.2187789659628,145.65432739257812,127050800
2021-07-15,145.74224306877775,146.48442546002198,143.64262402981765,145.0000457763672,106820300
2021-07-16,144.98050686009336,146.25002646546287,142.4609732736023,142.95901489257812,93251400
2021-07-19,140.3808931785124,140.69340040632105,138.3496409012505,139.11135864257812,121434600
2021-07-20,140.09769861315104,143.65238642562363,139.60941723835447,142.72463989257812,96350000
2021-07-21,142.11919121599766,142.7051348899588,141.24029060622254,141.9922332763672,74993500
2021-07-22,142.51956101020923,144.72658731973024,142.3926030924508,143.35940551757812,77338200
2021-07-23,144.09186284341388,145.23443967973952,143.47662343109712,145.07818603515625,71447400
2021-07-26,144.7949814490319,146.31841714774572,144.2383334584889,145.49810791015625,72434100
2021-07-27,145.62505300491213,145.71295498966768,142.13873124540055,143.33013916015625,104818600
2021-07-28,141.4160783718357,143.5254579196167,139.19927630353345,141.58209228515625,118931200
2021-07-29,141.29889173837356,143.1152993715257,141.1914692207776,142.22662353515625,56699500
2021-07-30,140.99614324026174,142.90043773904355,140.73246710930246,142.4414520263672,70440600
2021-08-02,142.92974528711127,143.50591381637727,141.8457598823253,142.10943603515625,62880000
2021-08-03,142.3926355441965,144.57036666149511,141.77739614243097,143.90631103515625,64786600
2021-08-04,143.81842770211748,144.32622969980267,142.8516250314263,143.50592041015625,56368300
2021-08-05,143.53520021202812,144.37504483971543,142.7441867059485,143.6133270263672,46397700
2021-08-06,143.1341182329051,143.87741265764788,142.42993828378326,142.92872619628906,54126800
2021-08-09,142.9874052395685,143.47641826359128,142.3223546901742,142.87982177734375,48908700
2021-08-10,143.22212723273427,144.46422440880676,142.1071782098756,142.4005889892578,69023100
2021-08-11,142.84071932029642,143.49599503680233,142.33214155394316,142.65489196777344,48493500
2021-08-12,142.97763397957073,145.77478914489808,142.63531888467134,145.61830139160156,72282600
2021-08-13,145.69652128952967,146.15619466200167,145.01190613589833,145.82366943359375,59375000
2021-08-16,145.27597699148956,147.8677548726636,143.25147091055382,147.79928588867188,103296000
2021-08-17,146.92885446726953,148.34698930481986,145.8139053280962,146.88973999023438,92229700
2021-08-18,146.50827107774236,147.40805304290222,142.93846787438542,143.14385986328125,86326000
2021-08-19,141.8431233828503,144.74786207926644,141.32477074631083,143.47642517089844,86960300
2021-08-20,144.2001657522503,145.23687099584217,143.55466496618592,144.93368530273438,60549600
2021-08-23,145.05105776321832,146.8897517241176,144.64028856581433,146.42030334472656,60131800
2021-08-24,146.1659822444016,147.54500248159704,145.8725714606484,146.33224487304688,48606400
2021-08-25,146.51807985316438,147.0168826886461,144.5522528692755,145.09994506835938,58991300
2021-08-26,145.09015667605945,145.8432259179612,144.2686035304066,144.29794311523438,48597200
2021-08-27,144.2392717415958,145.48136895257556,143.60356080464544,145.3346710205078,55802400
2021-08-30,145.7258781178275,150.11722035437248,145.344448563989,149.75534057617188,90956700
2021-08-31,149.3054768809692,149.4423999461669,147.96557089636175,148.49371337890625,86453100
2021-09-01,149.47172795102404,151.57447805860386,148.99248979823196,149.15875244140625,80313700
2021-09-02,150.48887910534057,151.32020730323478,149.05117946923792,150.27371215820312,71115500
2021-09-03,150.38131181009447,151.23220480113145,149.72603600913263,150.90945434570312,57808700
2021-09-07,151.5647115758547,153.80438486222874,150.99745462583329,153.24691772460938,82278300
2021-09-08,153.53051823549217,153.58919740809037,150.59644021764143,151.7016143798828,74420200
2021-09-09,152.0732585427631,152.6796298490877,150.56709024038778,150.68446350097656,57305700
2021-09-10,151.5940604931036,152.0635088889551,145.4324924690074,145.69656372070312,140893200
2021-09-13,147.32004846636258,148.09268237347644,145.48135496921765,146.26377868652344,102404300
2021-09-14,147.04621254489263,147.7503924466826,143.6818007748944,144.86520385742188,109296300
2021-09-15,145.2955602871313,146.15622806180076,143.15368066284816,145.75523376464844,83281300
2021-09-16,145.1781923829195,145.69654500672686,143.98499938228915,145.52049255371094,68034100
2021-09-17,145.54984051172312,145.54984051172312,142.55706833315722,142.85047912597656,129868800
2021-09-20,140.64017542374413,141.65731614069242,138.16577024578245,139.799072265625,123478900
2021-09-21,140.76724164383117,141.42253204114922,139.64251797987598,140.27822875976562,75834000
2021-09-22,141.2758504926419,143.21233776359767,140.54233100418216,142.6450958251953,76404300
2021-09-23,143.4275394388265,143.84809847436335,142.4397383273961,143.6035919189453,64838200
2021-09-24,142.45925161579112,144.22947605037112,142.36144305952544,143.69155883789062,53477900
2021-09-27,142.27343722725325,142.7526753188713,140.65970036682202,142.17562866210938,74150700
2021-09-28,140.10222299723426,141.5692619814985,138.57650484135823,138.7916717529297,108972300
2021-09-29,139.33934685752757,141.27583390106034,138.909013087078,139.69143676757812,74602000
2021-09-30,140.50324137590155,141.20742140322028,138.17553434540375,138.3907012939453,89056700
2021-10-01,138.7819070111095,139.77949787918857,136.05322057381363,139.5154266357422,94639600
2021-10-04,138.6449736382081,139.08509731906585,135.23167212302508,136.08255004882812,98322000
2021-10-05,136.42486459550415,139.11443634160335,136.29771642835237,138.00926208496094,80861100
2021-10-06,136.40527999667046,139.02638237086833,135.3294454857733,138.8796844482422,83221100
2021-10-07,139.91641559084152,141.05092948182715,139.58389028870607,140.141357421875,61732700
2021-10-08,140.86509243785557,141.01179037767685,139.42739293363346,139.75991821289062,58773200
2021-10-11,139.14376278668908,141.62794225299882,138.69386426168418,139.67189025878906,64452200
2021-10-12,140.0826575469626,140.10222224522562,137.94077825367475,138.40045166015625,73035900
2021-10-13,138.13639477336537,138.29286758829517,136.1412134172162,137.8136444091797,78762700
2021-10-14,138.98729132751163,140.7184017237602,138.40046969110713,140.6010284423828,69907100
2021-10-15,140.6107923523626,141.7159515069994,140.35649605913446,141.6572723388672,67940300
2021-10-18,140.2978253736589,143.61333288501362,140.0142044027078,143.3297119140625,85589200
2021-10-19,143.7795892346543,145.89212886384934,143.32970565575582,145.4911346435547,76378900
2021-10-20,145.43245616972183,146.45938640466994,144.8651993263839,145.9801483154297,58418800
2021-10-21,145.54005210514717,146.35181550626882,144.62070524306984,146.19532775878906,61421000
2021-10-22,146.40069432339263,146.87991744687585,145.3737641790151,145.42266845703125,58883400
2021-10-25,145.41290903215594,146.08774940871533,144.3762037849461,145.37379455566406,50720600
2021-10-26,146.04862376445527,147.52543764586656,145.7356482824783,146.03884887695312,60893400
2021-10-27,146.07795043904167,146.4398152500375,145.22707267329858,145.57916259765625,56094900
2021-10-28,146.5278661763529,149.804244404835,146.43005760449074,149.21743774414062,100077900
2021-10-29,143.98497686283406,146.64520855406127,143.19277825689716,146.50828552246094,124953200
2021-11-01,145.71610716586716,146.4104973070888,144.55225377378474,145.686767578125,74588300
2021-11-02,145.39336412691904,148.23942366972244,145.38357431484795,146.72348022460938,69122000
2021-11-03,147.0853590623447,148.6306422432943,146.52789189067994,148.16119384765625,54511500
2021-11-04,148.249208975671,149.0805222679595,147.32986198602657,147.64283752441406,60394600
2021-11-05,148.76918963737086,149.07281782729038,146.97678796158638,148.17172241210938,65463900
2021-11-08,148.29903947767883,148.45575560494797,147.07472275577462,147.34896850585938,55020900
2021-11-09,147.1138975747547,148.31862107112684,146.9767746966739,147.71136474609375,56787900
2021-11-10,146.93761078705322,147.0453512643886,144.81219859350324,144.88075256347656,65187100
2021-11-11,145.89940280376894,146.35973220816493,144.64568854947308,144.831787109375,41000000
2021-11-12,145.38028875154347,147.30981351364665,144.44981083290466,146.9082489013672,63804000
2021-11-15,147.28040751304476,148.7593917575851,146.3597188974358,146.9180145263672,59222800
2021-11-16,146.8592275903554,148.37738316750236,146.2715496426627,147.89744567871094,59256200
2021-11-17,147.89748945260723,151.81530374274254,147.88770029718108,150.33633422851562,88807000
2021-11-18,150.55181209560718,155.40989334552083,149.90536916424182,154.62632751464844,137827700
2021-11-19,154.41084228889372,157.71161083201548,153.31385912302107,157.2512664794922,117305600
2021-11-22,158.35800620438556,162.2954127503928,157.69198511799027,157.71157836914062,117467900
2021-11-23,157.80951705712113,158.47555309859132,155.79184557181551,158.09356689453125,96041900
2021-11-24,157.44711907207267,158.80855857074818,156.35992530368637,158.6126708984375,69463600
2021-11-26,156.29140553118123,157.15331446693773,153.14735315261942,153.58810424804688,76959800
2021-11-29,156.09548196515397,157.8780943084946,155.52739720558188,156.94761657714844,88748200
2021-11-30,156.70274588184037,162.11912167836516,156.63417697403202,161.9036407470703,174048100
2021-12-01,164.03887803890356,166.8009442517478,161.14949302605055,161.3845672607422,152052500
2021-12-02,155.47846334245494,160.82627140546424,154.55777460571244,160.3953094482422,136739200
2021-12-03,160.64997170977935,161.57066041655554,156.43831855392804,158.51475524902344,118023100
2021-12-06,160.91442783547066,164.430677671797,160.90463867961986,161.92327880859375,107497000
2021-12-07,165.60598335666447,168.05461686688494,164.88118245734097,167.66282653808594,120405400
2021-12-08,168.59329710063471,172.34460493937314,167.19267114507622,171.48268127441406,116998900
2021-12-09,171.31621864051468,173.11840952908594,170.34655427614908,170.97340393066406,108923700
2021-12-10,171.61005099944745,175.93923359247646,171.1007310045987,175.76292419433594,115402700
2021-12-13,177.3986153833375,178.38787299583686,171.92347383588933,172.12916564941406,153237000
2021-12-14,171.64920321778123,174.08804749115933,168.67167154672788,170.74810791015625,139380400
2021-12-15,171.51207028188244,175.81186972926076,168.76959801571434,175.61598205566406,131063300
2021-12-16,175.5964093375668,177.41819331105674,167.24167279418768,168.72064208984375,150185800
2021-12-17,166.43852716670187,169.90580094866743,166.20346789014454,167.62367248535156,195432700
2021-12-20,164.82240940360504,167.07515510943043,164.01926542394992,166.26220703125,107499100
2021-12-21,168.03502751462352,169.6413305368034,165.64515876193008,169.43565368652344,91185900
2021-12-22,169.48464932856697,172.2467157351397,168.6129361968646,172.03123474121094,92135300
2021-12-23,172.23689273327608,173.21634616947264,171.66880794684926,172.65805053710938,68356600
2021-12-27,173.4514127643316,176.71299463822913,173.43183445537653,176.62484741210938,74919600
2021-12-28,176.4583204970068,177.60427913199814,174.86180674158717,175.60618591308594,79144300
2021-12-29,175.64540604755402,176.9186986453212,174.47985393756576,175.6943817138672,62348900
2021-12-30,175.78251482342475,176.85991961465393,174.4308642572052,174.53860473632812,59773000
2021-12-31,174.43084429030958,175.54742051646397,173.61789621276182,173.92153930664062,64062300
2022-01-03,174.17620137564992,179.12244407617163,174.05867174915193,178.2703094482422,104487900
2022-01-04,178.87758836256972,179.18121654083714,175.43969718796814,176.00778198242188,99310400
2022-01-05,175.9196433238863,176.46813489136744,171.05175824457976,171.3260040283203,94537600
2022-01-06,169.15161788468467,171.69820298422886,168.11339955718992,168.46600341796875,96904000
2022-01-07,169.33768439473522,170.56200104833394,167.51590061636946,168.63247680664062,86709100
2022-01-10,165.60599864366586,168.95572780142643,164.7146923768041,168.652099609375,106765600
2022-01-11,168.77939561423003,171.58061763480518,167.31021570092486,171.48268127441406,76138300
2022-01-12,172.50135116951776,173.53956952156884,171.22807353490404,171.92347717285156,74805200
2022-01-13,172.16833406776786,172.9910714162829,168.26030924441002,168.652099609375,84505800
2022-01-14,167.81952731493655,170.20939579349408,167.57466398631828,169.5139923095703,80440800
2022-01-18,167.986029250503,168.99486494876345,165.92918629810023,166.31117248535156,90956700
2022-01-19,166.5070728064469,167.56488423888524,162.53049451772475,162.8145294189453,94815000
2022-01-20,163.54913404663756,166.19365539118294,160.80666137829382,161.1298828125,91420500
2022-01-21,161.04173994454513,162.91249968467412,158.965303342259,159.0730438232422,122848900
2022-01-24,156.73215398969816,158.96530678454897,151.52145417153005,158.2992706298828,162294600
2022-01-25,155.71348938472497,159.41582185177984,153.79376918824497,156.49705505371094,115798400
2022-01-26,160.14063545703362,161.01234841002858,154.57734716045317,156.40892028808594,108275300
2022-01-27,159.11219273840803,160.47363228871149,155.02787408749768,155.9485626220703,121954600
2022-01-28,162.3052517203285,166.849915520985,159.45503834907882,166.830322265625,179935700
2022-01-31,166.66380312140188,171.4043542462614,166.02714940989443,171.18887329101562,115541600
2022-02-01,170.43467612383174,171.2476242171807,168.769608378118,171.02235412597656,86213900
2022-02-02,171.15948068570833,172.26626780396012,169.7686586589768,172.22708129882812,84914300
2022-02-03,170.89499578620112,172.61884304001376,168.5834855601735,169.3474578857422,89418100
2022-02-04,168.3668057872498,170.7401162961765,167.38610440694853,169.0631103515625,82465400
2022-02-07,169.52403712153145,170.59299800892276,167.65089393875687,168.34719848632812,77251200
2022-02-08,168.41582891603926,171.9659777736799,168.12161553517308,171.4560089111328,74829200
2022-02-09,172.65247937368048,173.2408912177467,171.524663818335,172.87803649902344,71285000
2022-02-10,170.77931477893978,172.09345086021537,168.23930213729955,168.7982940673828,90865900
2022-02-11,169.0042733328554,169.7397993797007,164.79705596488338,165.38548278808594,98670700
2022-02-14,164.13999610862248,166.30735288699964,163.345630332233,165.62086486816406,86185500
2022-02-15,167.670499489042,169.61228383864895,166.96439336840055,169.4553680419922,62527400
2022-02-16,168.53349815165654,169.99473328399495,166.76823309362874,169.21998596191406,61177400
2022-02-17,167.72936698979834,168.59238905022963,165.21877368416162,165.62086486816406,69589300
2022-02-18,166.5426908818598,167.24878200376986,162.98274061084325,164.07131958007812,82772700
2022-02-22,161.79610099125685,163.4731068473456,159.02071443579257,161.1488494873047,91162800
2022-02-23,162.34528786351217,162.94351625967545,156.6670338772365,156.98086547851562,90009200
2022-02-24,149.6353916256984,159.70719718910948,149.06658313119078,159.5993194580078,141147500
2022-02-25,160.6781069290293,161.9334034703252,157.76542269815738,161.6686248779297,91974200
2022-02-28,159.91315308309024,162.22760877136363,159.2953064697166,161.9333953857422,95056600
2022-03-01,161.52149747345592,163.3848388800103,158.84418717486,160.05044555664062,83474400
2022-03-02,161.21747641613547,164.13016029917193,159.8052642347465,163.34559631347656,79724800
2022-03-03,165.21874895199736,165.65025991761863,162.35510295615475,163.02197265625,76678400
2022-03-04,161.31554410601458,162.3550849729684,158.9716688608393,160.02101135253906,83737200
2022-03-07,160.2073838791356,161.83535182075346,155.97074658012755,156.22573852539062,96418800
2022-03-08,155.75498387793954,159.73662866525098,152.7932618336368,154.401611328125,131148300
2022-03-09,158.36363528455044,160.25639649791017,156.33359145766846,159.80526733398438,91454900
2022-03-10,157.10835602606574,157.29469168011647,152.96979505950804,155.46078491210938,105342000
2022-03-11,155.86285431301891,156.2061057623046,151.51835462854714,151.74391174316406,96970100
2022-03-14,148.527210200246,151.1456808985897,147.2032724121744,147.71322631835938,108732100
2022-03-15,147.9878136848799,152.56770172333492,147.47785980558257,152.09695434570312,92964300
2022-03-16,154.01915688013034,156.9122229988077,151.4791438617729,156.5101318359375,102300200
2022-03-17,155.549028989307,157.89290442537197,154.58794593498652,157.52023315429688,75615400
2022-03-18,157.41236437319773,161.30574983268542,156.67683837905244,160.81539916992188,123511700
2022-03-21,160.3544634117704,163.13966646337798,159.8641127641069,162.18838500976562,95811400
2022-03-22,162.31586266906788,166.1504082464849,161.72745088254396,165.56199645996094,81532000
2022-03-23,164.74802792669965,169.30828329467843,164.41457808924804,166.92518615722656,98062700
2022-03-24,167.75875768604743,170.77931940838403,166.9251705809909,170.71067810058594,90131400
2022-03-25,170.52435897204094,171.89733490405604,169.4161616355689,171.34814453125,80546200
2022-03-28,168.84733794398963,172.33863211398676,168.68062052174977,172.21115112304688,90371900
2022-03-29,173.28013598798506,175.55535549692144,172.936884505865,175.50633239746094,100589400
2022-03-30,175.1042250130881,176.1437660259187,173.289921571538,174.3392791748047,92633200
2022-03-31,174.40792609212167,174.59426174462104,171.03431102289065,171.24026489257812,103049300
2022-04-01,170.67144974905557,171.5050518578882,168.62178757896973,170.946044921875,78751300
2022-04-04,171.20105860098838,175.04540647336353,171.07356262443463,174.99636840820312,76468400
2022-04-05,174.0744778575844,174.85904187741096,171.05391610805626,171.6815643310547,73401800
2022-04-06,169.03370184368734,170.27919687020847,166.84674180895354,168.51393127441406,89058800
2022-04-07,167.85684898260146,170.01438898962488,166.57213259059588,168.81793212890625,77594700
2022-04-08,168.46485203266047,168.46485203266047,165.93464112451483,166.80746459960938,76575500
2022-04-11,165.4541214198734,165.76793805160875,162.306063690876,162.55123901367188,72246700
2022-04-12,164.7774763695221,166.59176523364118,163.42410346043255,164.42442321777344,79265200
2022-04-13,164.1595904381064,167.73914420674996,163.55156041909547,167.1114959716797,70618900
2022-04-14,167.3272054395825,167.96467008953368,161.85489188045457,162.10006713867188,75329400
2022-04-18,160.75658374094354,163.3848714713772,160.41334720380755,161.8843994140625,69023900
2022-04-19,161.8353139115337,164.58128022532864,160.74673499644868,164.16937255859375,67723800
2022-04-20,165.50314204406817,165.62083637298807,162.89448802131358,164.00267028808594,67929800
2022-04-21,165.65026467883652,168.21969736612456,162.70816069883412,163.20831298828125,87227800
2022-04-22,163.2475677102336,164.6303453628702,158.38328200071132,158.6676788330078,84882400
2022-04-25,158.01057433340998,160.0210148088947,155.40192048493418,159.7366180419922,96046400
2022-04-26,159.11877502482716,159.20703454434567,153.69549840448505,153.77395629882812,95623200
2022-04-27,152.90118005015773,156.7062918336278,152.3814094332879,153.54844665527344,88063200
2022-04-28,156.17667104674604,161.34497072445453,155.8628394699356,160.48194885253906,130216800
2022-04-29,158.71671584912357,162.9925746827483,154.21529987659397,154.60757446289062,131747600
2022-05-02,153.68571389859628,155.17636916422146,150.31209888761785,154.91159057617188,123055300
2022-05-03,155.09787216899534,157.60847954190055,153.30320233396515,156.40220642089844,88966500
2022-05-04,156.58856589280018,163.267138972668,156.18647479117334,162.81602478027344,108256500
2022-05-05,160.687951761694,160.913508923705,151.95969916146092,153.7445831298828,130525300
2022-05-06,153.2239736359336,156.5927286121708,151.42665191176067,154.47129821777344,116124600
2022-05-09,152.1633023773659,153.0472394567593,148.7847453865434,149.3445587158203,131577900
2022-05-10,152.74276671948687,153.9409814618481,150.19900690567323,151.75079345703125,115366700
2022-05-11,150.75883036017825,152.67400468671187,143.20615431110124,143.8838348388672,142689800
2022-05-12,140.22043185006495,143.58917206052791,136.32132651313492,140.01417541503906,182602000
2022-05-13,142.00795311338425,145.45528221531998,140.55438668965164,144.4829559326172,113990900
2022-05-16,142.95081001781338,144.88563148350204,141.6052649207857,142.94097900390625,86643800
2022-05-17,146.2016865687997,147.0954395557584,144.06060880808,146.5749053955078,78336300
2022-05-18,144.22756749777338,144.728454553279,137.40166819210114,138.3052520751953,109742900
2022-05-19,137.3820660685117,139.13027811714653,134.1606406090294,134.89724731445312,136095600
2022-05-20,136.60614779257094,138.1873972505803,130.2418708685785,135.1329345703125,137426100
2022-05-23,135.32934881682118,140.70166712216994,135.1918495268943,140.55435180664062,117726300
2022-05-24,138.2954308094958,139.43471927603565,134.87758039617586,137.8534698486328,104132700
2022-05-25,135.95793161918118,139.25792986661668,135.8695424217508,138.0106201171875,92482700
2022-05-26,134.93652895354754,141.7624148884754,134.69099338044722,141.21241760253906,90601500
2022-05-27,142.79366865497497,147.00705253559786,142.66598536012808,146.9677734375,90978500
2022-05-31,146.40792556095022,147.96952785545992,144.21773795482548,146.18202209472656,103718400
2022-06-01,147.22307288441843,149.03022546904907,145.04271654801474,146.05433654785156,74286600
2022-06-02,145.19010444930467,148.56867650901708,144.237425177131,148.50975036621094,72348100
2022-06-03,144.2767048307591,145.32760433584582,141.88029009172675,142.7838592529297,88570300
2022-06-06,144.40436412307008,145.91687147884687,142.31239647541148,143.53025817871094,71598400
2022-06-07,141.77219702970612,146.3391511204913,141.52666154124893,146.05433654785156,67808200
2022-06-08,145.92668764129223,147.19364446593215,144.82669318974126,145.31776428222656,53950200
2022-06-09,144.45347180040457,145.30793069054988,139.98472194082933,140.09275817871094,69473000
2022-06-10,137.77492521441144,138.24634933788164,134.61242570462275,134.68118286132812,91437900
2022-06-13,130.49722878533498,132.78562190034356,129.09277263849617,129.52491760253906,122207100
2022-06-14,130.7526087731312,131.49903152365633,129.1320649915738,130.3892059326172,84784300
2022-06-15,131.8918636674431,134.88740024350506,129.79991106375064,133.01150512695312,91533000
2022-06-16,129.7213584251009,130.02582014414816,126.7356374029616,127.7374267578125,108123900
2022-06-17,127.74724995941776,130.70349274398822,127.4918833825682,129.21063232421875,134520300
2022-06-21,131.03743398602646,134.61243163462674,130.93922874022462,133.4436798095703,81000500
2022-06-22,132.38295585554104,135.29991972582334,131.5186808102628,132.93296813964844,73409200
2022-06-23,134.37670851634957,136.11508949160935,133.20795685254018,135.80081176757812,72433800
2022-06-24,137.4016693916089,139.37578454056782,137.2740011133842,139.1302490234375,89116800
2022-06-27,140.15167018072825,140.9275708071873,138.45256859835,139.1302490234375,70207900
2022-06-28,139.59187553155968,140.85883237422544,134.86777395244602,134.98562622070312,67083400
2022-06-29,135.0052865296894,138.15795490582852,134.22938572393656,136.74366760253906,66242400
2022-06-30,134.79905298299724,135.89904774541952,131.38120140953902,134.2785186767578,98964500
2022-07-01,133.61064472450096,136.5570719073547,133.23744080535928,136.44903564453125,71051600
2022-07-05,135.30974606974897,139.08116882706543,134.4847351652157,139.0320587158203,73353800
2022-07-06,138.8257816256178,141.54630425251997,138.56059908194536,140.36773681640625,74064300
2022-07-07,140.73112869012363,143.93292138573145,140.72131266462554,143.7364959716797,66253700
2022-07-08,142.66597262808202,144.9150866907465,142.41062104747897,144.4141845703125,64547800
2022-07-11,143.06866052706354,144.02133971358117,141.2124122640522,142.28294372558594,63141600
2022-07-12,143.15702881773996,145.7989934962315,142.45971631070495,143.2552490234375,77588800
2022-07-13,140.43653568039218,143.8347397140172,139.5820616716197,142.8918914794922,71185600
2022-07-14,141.50703095418416,146.29005802967413,140.6918512393976,145.81863403320312,78140700
2022-07-15,147.1052464203459,148.1659617146879,145.55346006304742,147.48828125,76259900
2022-07-18,148.0481247263253,148.86330457327466,144.08026173602485,144.44366455078125,81420900
2022-07-19,145.27846713272842,148.52935529848105,144.28650894193655,148.303466796875,82982400
2022-07-20,148.42131103969578,150.97488652317665,147.6847044563416,150.30702209472656,64823400
2022-07-21,151.74099392614767,152.7918934399678,149.22671189385298,152.57582092285156,65086600
2022-07-22,152.61505981778862,153.48916568446282,150.67042266234586,151.33827209472656,66675400
2022-07-25,151.2597268643066,152.27133221190695,149.56062491925485,150.21865844726562,53623900
2022-07-26,149.54099433337262,150.35617431230574,148.1070748417966,148.89279174804688,55138700
2022-07-27,149.85524147444016,154.52041638898598,149.44274359614147,153.99005126953125,78620700
2022-07-28,154.17668202554245,154.82489948966665,151.65258430440582,154.5400848388672,81378700
2022-07-29,158.36060045687617,160.7079195187844,156.6516677769687,159.60791015625,101786900
2022-08-01,158.13475274258138,160.66868209820234,158.01690044251217,158.62582397460938,67829400
2022-08-02,157.24096155464215,159.50970748502837,156.77935355303202,157.15255737304688,59907000
2022-08-03,157.96774380452692,163.61506130985595,157.8793546055034,163.1632843017578,82507500
2022-08-04,163.04540919289056,164.20434469622828,161.49362283306857,162.84898376464844,55474100
2022-08-05,160.51808440274291,163.11454067024195,160.31154145785612,162.62278747558594,56697000
2022-08-08,163.62597080235415,165.04222255656555,161.49176350864772,162.1507110595703,60276900
2022-08-09,161.31470993875857,163.08502430663805,160.55740587444882,162.19985961914062,63135500
2022-08-10,164.91438646665537,166.54701109348545,164.14725248674637,166.44866943359375,70170500
2022-08-11,167.25512657950156,168.16979550252623,165.41597407733548,165.71102905273438,57149200
2022-08-12,167.0190809905204,169.33031226065586,166.60599505436244,169.261474609375,68039400
2022-08-15,168.6910268994302,170.5301791193321,168.52383260735886,170.33348083496094,54091700
2022-08-16,169.93022509830618,170.84489380290904,168.8287027941199,170.1761016845703,56377100
2022-08-17,169.9204560833095,173.24469851120912,169.72375774551824,171.6710968017578,79542000
2022-08-18,170.88425233332873,172.01527879196829,170.26463844345383,171.27764892578125,62290100
2022-08-19,170.1761140668042,170.87441022573427,168.48448182965225,168.69102478027344,70346300
2022-08-22,166.89122718275175,167.05842149370653,164.38328250419255,164.8061981201172,69026800
2022-08-23,164.32426652803133,165.92738691269662,163.90135093265715,164.47178649902344,54147100
2022-08-24,164.56030249873976,165.33726597260625,163.50794341888323,164.76683044433594,53841500
2022-08-25,165.9962181286182,167.33378750652878,165.57331755675585,167.22560119628906,51218200
2022-08-26,167.75670773498427,168.2287866440609,160.8623176958489,160.92132568359375,78961000
2022-08-29,158.4920749241394,160.2132113909233,157.18402441564837,158.71829223632812,73314000
2022-08-30,159.45592432505862,159.8788249449609,155.11865676791015,156.28903198242188,77906200
2022-08-31,157.66593911136576,157.93149009277647,154.54822502054373,154.6269073486328,87991100
2022-09-01,154.0565001855002,155.80714103931433,152.11899064384258,155.354736328125,74229900
2022-09-02,157.11514512449315,157.71508462008887,152.41398580114964,153.24012756347656,76957800
2022-09-06,153.88925181756636,154.4990209999667,151.15510515135455,151.9812469482422,73714800
2022-09-07,152.26646809885722,154.0859459351541,151.07641875135508,153.38766479492188,87449600
2022-09-08,152.08942323375317,153.78105537712216,150.1617441609201,151.9123992919922,84923800
2022-09-09,152.9057577037595,155.21700399593914,152.19763181879884,154.7744140625,68028800
2022-09-12,156.95780504262976,161.5507787814024,156.672594749297,160.73446655273438,104956000
2022-09-13,157.26267420589616,157.89211772902357,150.8403783347764,151.30262756347656,122656600
2022-09-14,152.23695501832623,154.50886749732993,151.07642462426648,152.74838256835938,87965400
2022-09-15,152.09926605765543,152.67954626691656,148.88321078041434,149.85687255859375,90481100
2022-09-16,148.71602969989698,148.85372001445614,145.92285973622464,148.2144317626953,162278800
2022-09-19,146.84734147012324,152.0107501857091,146.64081352548533,151.93206787109375,81474200
2022-09-20,150.86987662798256,155.47269441025097,150.5551623818667,154.31214904785156,107689800
2022-09-21,154.74492033364538,156.12183853779936,151.06661536137307,151.18463134765625,101696800
2022-09-22,149.86674694503645,151.9222722255848,148.42099098039108,150.22080993652344,86652500
2022-09-23,148.69634230303134,148.97172290795524,146.10971554201328,147.94886779785156,96029900
2022-09-26,147.19160174855077,151.23381448556898,147.171927414505,148.28329467773438,93339400
2022-09-27,150.2207592205518,152.16809751273013,147.47676821114496,149.2569122314453,84442700
2022-09-28,145.20491035922058,148.1554300888231,142.451088943501,147.36862182617188,146691400
2022-09-29,143.69029304650877,144.30006222073425,138.3596750779143,140.12998962402344,128138200
2022-09-30,138.9497950371784,140.739784043771,135.72389496609006,135.92059326171875,124925300
2022-10-03,135.93043653465315,140.71027860420344,135.41900896557823,140.10049438476562,114311700
2022-10-04,142.63796359142103,143.80833886784444,141.8806592936553,143.69032287597656,87830100
2022-10-05,141.69380954476654,144.94921413848994,140.65127989511333,143.98536682128906,79471000
2022-10-06,143.40507882099124,145.1065408456924,142.8248135939426,143.03134155273438,68402200
2022-10-07,140.18897576446645,140.73975187630668,137.14994502131725,137.77938842773438,85925600
2022-10-10,138.1039581298828,139.54971364677584,136.2844804095271,138.1039581298828,74899000
2022-10-11,137.5925684188842,139.01866500579175,135.9402845213117,136.687744140625,77033700
2022-10-12,136.8352824760686,138.04499143111343,135.88127984271256,136.0583038330078,70433700
2022-10-13,132.76354024673512,141.22168665886508,132.15375604675947,140.631591796875,113224000
2022-10-14,141.92981170804703,142.1363546632189,135.9107571080086,136.09762573242188,88598000
2022-10-17,138.7432621845146,140.5430657827838,137.95645402263972,140.0611572265625,85250900
2022-10-18,143.0903655439518,144.2804000004446,138.2908490399077,141.37905883789062,99136600
2022-10-19,139.35302135031444,142.5592467457927,139.1661527370201,141.4872283935547,61758300
2022-10-20,140.66108608089553,143.48374457740485,140.2971785169794,141.0249786376953,64522000
2022-10-21,140.51358070739505,145.4114542957378,140.29720805857093,144.8410186767578,86548600
2022-10-24,144.7623420825169,147.75219561004096,143.59196680128505,146.9850616455078,75981900
2022-10-25,147.61450271725704,149.97492757312142,146.89654709772452,149.827392578125,74732300
2022-10-26,148.4701649982454,149.48317560972512,145.59831248015067,146.88671875,88194300
2022-10-27,145.62781359762897,146.5916457586151,141.75279561471663,142.4117431640625,109180200
2022-10-28,145.75564835945892,154.90226106166642,145.3819261249116,153.17129516601562,164762400
2022-10-31,150.63382812065376,151.69601672276417,149.41427490924212,150.81085205078125,97943200
2022-11-01,152.52219441549877,152.88608702918296,146.6703335656384,148.16525268554688,80379300
2022-11-02,146.49329861316923,149.66019092618583,142.60845071578376,142.63795471191406,93604600
2022-11-03,139.71696063409377,140.44476100108147,136.46155582949885,136.58941650390625,97918500
2022-11-04,139.97824816387146,140.5496299805745,132.38284296255216,136.32339477539062,140814800
2022-11-07,135.0722797176196,137.08195474161485,133.65367850914586,136.85537719726562,83374600
2022-11-08,138.32323704462326,139.32806703138522,135.44663574586633,137.4267578125,89908500
2022-11-09,136.44159482466026,136.4908547245009,132.5897021500865,132.86553955078125,74917800
2022-11-10,139.14087881229642,144.68719482421875,137.42673349906372,144.68719482421875,118854000
2022-11-11,143.65284825618983,147.78056436308594,142.22438595277526,147.4751739501953,93979700
2022-11-14,146.75601106211803,148.04653945457946,145.23889010351994,146.07626342773438,73374100
2022-11-15,149.95772858664796,151.3073630256227,146.3521193934581,147.81011962890625,89868300
2022-11-16,146.91363265596118,147.64262514508096,145.10096733747125,146.57867431640625,64218300
2022-11-17,144.2537602517047,149.22871050736455,143.97792279490108,148.48001098632812,80389400
2022-11-18,150.0463641188946,150.4305673318375,147.74114484123723,149.04151916503906,74829600
2022-11-21,147.92831248822412,148.13518303183807,145.52457357758468,145.8102569580078,58724100
2022-11-22,145.92850754073268,148.1844671134609,144.7463298277078,147.94802856445312,51804100
2022-11-23,147.22889506000232,149.57352869191362,147.12052926108166,148.8248291015625,58301400
2022-11-25,146.10579226397604,146.66732805436232,144.93347581626634,145.9087677001953,35195900
2022-11-28,142.9829242489195,144.46063120272478,141.24908683464577,142.07659912109375,69246000
2022-11-29,142.14555568748492,142.65783165746328,138.2641245866872,139.07192993164062,83763800
2022-11-30,139.29850181511986,146.50971891238402,138.4611435666205,145.82997131347656,111380900
2022-12-01,146.00728442076144,146.9136094206591,144.43105787971572,146.1057891845703,71250400
2022-12-02,143.79075438457457,145.80042936443078,143.48534896644694,145.61325073242188,65447400
2022-12-05,145.57384712908555,148.6770258303521,143.60357112015112,144.45079040527344,68826400
2022-12-06,144.88421795983234,145.110795436266,139.81074946327576,140.78604125976562,64727200
2022-12-07,140.07675927915528,141.23921477643742,137.91930489039092,138.8453369140625,69721100
2022-12-08,140.2442695496168,141.38703342689922,139.00300087519895,140.5299530029297,62128300
2022-12-09,140.22455886029022,143.4065658669265,138.80595753740835,140.0472412109375,76097000
2022-12-12,140.5791849523235,142.35243630018152,138.9635592869445,142.34259033203125,70462700
2022-12-13,147.27813419846305,147.7411502710795,142.0963136174533,143.3080291748047,93886200
2022-12-14,143.18982946326526,144.4803579746899,139.0620984014011,141.08163452148438,82291200
2022-12-15,139.01279946338835,139.69254696960033,134.00829749499812,134.4713134765625,98931900
2022-12-16,134.65850323442362,135.6042272094749,131.74248840865712,132.51089477539062,160156900
2022-12-19,133.1019778704447,133.19063667083125,129.36831196695024,130.40269470214844,79592600
2022-12-20,129.43726118544186,131.2696181831246,127.95955441414964,130.333740234375,77432800
2022-12-21,131.0036733902202,134.77675449324153,130.77709581359426,133.4369659423828,85928000
2022-12-22,132.35328842388512,132.56015897362735,128.36347675529532,130.26478576660156,77852100
2022-12-23,128.97425178436364,130.45195863115794,127.71327647766012,129.90028381347656,63814900
2022-12-27,129.42743066905106,129.45698360544398,126.80696007412172,128.0974884033203,69007800
2022-12-28,127.74283419111389,129.08262238361158,123.99931454878694,124.16678619384766,85438400
2022-12-29,126.08781241864538,128.5408039711882,125.8316819463041,127.6837387084961,75703700
2022-12-30,126.50158621125368,128.01869226136404,125.53614757244895,127.99898529052734,77034200
2023-01-03,128.3437644584535,128.9545451464431,122.32457128587431,123.21119689941406,112117500
2023-01-04,125.00415469022626,126.74785308207224,123.22105739420844,124.4820327758789,89113600
2023-01-05,125.24060645032876,125.87109424564927,122.90583391691,123.1619644165039,80962700
2023-01-06,124.13723942127504,128.35362127262974,123.03388217385093,127.6935806274414,87754700
2023-01-09,128.53098019432045,131.427288863226,127.95959824320164,128.21572875976562,70790800
2023-01-10,128.32406282244906,129.30920076375085,126.21586822934368,128.78707885742188,63896200
2023-01-11,129.29935853420528,131.52576493439358,128.52110615216108,131.50607299804688,69458900
2023-01-12,131.89027740511193,132.26461961526783,129.48653833184324,131.42726135253906,71379600
2023-01-13,130.06773455202415,132.91478201808263,129.70323839862846,132.7571563720703,57809700
2023-01-17,132.82615869144374,135.24958975985854,132.1365650960417,133.91966247558594,63646600
2023-01-18,134.7865730896908,136.54996329562516,133.0231678517452,133.20050048828125,69672800
2023-01-19,132.08728136161048,134.2250286377242,131.78189104102427,133.2595977783203,58280400
2023-01-20,133.26946486486585,135.9687483442848,132.22522101014553,135.8209686279297,80223600
2023-01-23,136.06727935780177,141.1900098722199,135.8505477576372,139.01284790039062,81760300
2023-01-24,138.22469014521045,141.03233904710638,138.2148441781761,140.4116973876953,66435100
2023-01-25,138.7960782416761,140.3131839948148,136.7469896041819,139.7516632080078,65799300
2023-01-26,141.0421976938989,142.10614847767724,139.79106829556534,141.82046508789062,54105100
2023-01-27,141.03236318771044,145.0418671305683,140.95355034191297,143.7611846923828,70555800
2023-01-30,142.80561778514152,143.38684562469143,140.72697590646771,140.87474060058594,64015300
2023-01-31,140.57918779657314,142.19481349464007,140.16543164570373,142.1455535888672,65874500
2023-02-01,141.83032262446247,144.43108640849707,139.21971287170524,143.26861572265625,77663600
2023-02-02,146.68702845858084,148.9331416858034,145.96788199485025,148.57850646972656,118339000
2023-02-03,145.8299825944814,155.0410292646019,145.632957993241,152.20382690429688,154357300
2023-02-06,150.30250288074524,150.82462478693864,148.53909754834626,149.4749755859375,69858300
2023-02-07,148.40116513275666,152.92294425687993,148.40116513275666,152.3515625,83322600
2023-02-08,151.59304759782992,152.28264122485135,148.92331687434466,149.66217041015625,64120100
2023-02-09,151.49451696275133,152.0363458567265,148.18445275739066,148.6277618408203,56007100
2023-02-10,147.46354505272012,149.31842209117474,147.226745512614,148.99282836914062,57450700
2023-02-13,148.93360529625505,152.19938787253557,148.90400724096855,151.7948760986328,62199000
2023-02-14,150.08800434565288,151.7159729836762,148.84484061249728,151.15357971191406,61707600
2023-02-15,151.06476513520522,153.4228390365263,150.83784167870803,153.25511169433594,65573800
2023-02-16,151.45941308943844,154.24175084931028,151.3015618059057,151.65675354003906,68167900
2023-02-17,150.314927401964,150.95623873407766,148.83496427712012,150.5122528076172,59144100
2023-02-21,148.19362270368532,149.27893490600394,146.42754017987073,146.49659729003906,58867200
2023-02-22,146.88140906273446,147.94698436963745,145.19425945136115,146.92088317871094,51011300
2023-02-23,148.0850975380816,148.33175804369702,145.27317680704334,147.40431213378906,48394200
2023-02-24,145.1449254913303,145.22385866894857,143.77349352201168,144.75027465820312,55469600
2023-02-27,145.73692063205627,147.1774097603546,145.48038403430326,145.94410705566406,44998500
2023-02-28,145.08571098317904,147.08859306462728,144.8686485359811,145.44090270996094,50547000
2023-03-01,144.8686422706239,145.26329303666353,143.0729466587316,143.3689422607422,55479000
2023-03-02,142.4513915466776,144.75026945161636,141.977792498003,143.96095275878906,52238100
2023-03-03,146.0624926286878,149.0914911594904,145.36198515518814,149.01255798339844,70732300
2023-03-06,151.7357028817241,154.2121845297758,151.41012419214647,151.77517700195312,87558000
2023-03-07,151.64689058754286,151.9724842932115,149.1112281718285,149.574951171875,56182000
2023-03-08,150.768776295138,151.41996369175047,149.80187125635692,150.82797241210938,47204800
2023-03-09,151.50875841619168,152.47566345847628,148.2232384177023,148.57843017578125,53833600
2023-03-10,148.20352210122027,148.92376664622063,145.63824652167983,146.516357421875,68572400
2023-03-13,145.83556564568843,151.09436981836478,145.72703441304543,148.4600372314453,84457100
2023-03-14,149.25919818665145,151.35087437586574,148.09496787151124,150.55169677734375,73695900
2023-03-15,149.17043689978033,151.2029174267054,147.91739708809698,150.94639587402344,77167900
2023-03-16,150.127461556798,154.3700254849667,149.6144034630521,153.76817321777344,76161100
2023-03-17,153.99509488717774,154.64628226147337,152.21913616408204,152.9295196533203,98944600
2023-03-20,152.99860710640667,155.7118730486912,152.09088307007352,155.29747009277344,73641400
2023-03-21,155.21854884327422,157.2707512481165,154.44895412275298,157.15235900878906,73938300
2023-03-22,157.1720751638043,159.97413485829682,155.7019731494937,155.72171020507812,75701800
2023-03-23,156.70836691747317,159.39203464017027,155.57371946683134,156.80702209472656,67622100
2023-03-24,156.73794326990517,158.19816916372028,155.74144030435596,158.109375,59196500
2023-03-27,157.80355536791788,158.6224701978729,155.76119879412065,156.1657257080078,52390300
2023-03-28,155.85986113132142,156.37291926303735,153.89643783944095,155.54412841796875,45992200
2023-03-29,157.24115895998125,158.89872564622954,157.2214369560123,158.62246704101562,51305700
2023-03-30,159.37229315696538,160.2997391161816,159.11577163727372,160.1912078857422,49501700
2023-03-31,160.27014967971024,162.79595111857384,159.74723055627194,162.69728088378906,68749800
2023-04-03,162.07570339841976,164.06870961825848,162.026368281996,163.9503173828125,56976200
2023-04-04,164.37458557847015,164.61137005549932,162.90448337873613,163.41754150390625,46278300
2023-04-05,162.53942989245922,162.84528654392068,159.63869962188485,161.572509765625,51511700
2023-04-06,160.26027222926052,162.75649064193277,159.83602334429725,162.4604949951172,45390100
2023-04-10,159.26377877195932,159.86563110351562,157.94168186492254,159.86563110351562,47716900
2023-04-11,160.1813521100088,160.19121311129285,158.36591919116847,158.6520538330078,47644200
2023-04-12,159.06644488688698,159.89522066020655,157.64567781550258,157.96141052246094,50133100
2023-04-13,159.47099850154177,163.585295053308,159.2637969960001,163.34849548339844,68445600
2023-04-14,162.39141498863978,164.0983166124722,161.63171143290737,163.00314331054688,49386500
2023-04-17,162.8847436304976,163.1807392768596,161.83890539432053,163.0228729248047,41516200
2023-04-18,163.8812698478859,165.17376867697192,163.43726882906975,164.24632263183594,49923000
2023-04-19,163.58525138616776,165.91372717633618,163.32871482350347,165.39080810546875,47720200
2023-04-20,163.87138723669895,165.62760901810955,163.34846811386117,164.4239044189453,52456400
2023-04-21,162.84527188495923,164.22656472043278,162.2927547507698,162.815673828125,58337300
2023-04-24,162.79594256316088,163.38793383083043,161.7007692564465,163.1215362548828,41949600
2023-04-25,162.98342757965568,164.08846202710322,161.54292334211996,161.5823974609375,48714100
2023-04-26,160.8818632857178,163.07221001839787,160.625341751742,161.572509765625,45498800
2023-04-27,162.98342657757053,166.30840595665688,162.98342657757053,166.16041564941406,64902300
2023-04-28,166.23934534853646,167.58117930762924,165.63749302008387,167.41343688964844,55275900
2023-05-01,167.01874363218678,168.17311287626964,166.38729340324502,167.32460021972656,52472900
2023-05-02,167.81796415576136,168.07450075678005,165.3020235951721,166.28866577148438,48425700
2023-05-03,167.23584575291258,168.63687581044152,164.92710671677185,165.21322631835938,65136000
2023-05-04,162.6874369491867,164.80871172491695,162.1151826483231,163.57540893554688,81235400
2023-05-05,168.6960655683585,171.97172463520235,168.4790030974248,171.25148010253906,113453200
2023-05-08,170.17603958076435,171.52774960942492,169.81098679048802,171.1824188232422,55962800
2023-05-09,170.7383948943863,171.22183982160823,169.30776705746806,169.47549438476562,45326900
2023-05-10,170.70881232248743,171.70531537679722,169.60376298512443,171.24159240722656,53724500
2023-05-11,171.52774738748727,172.2578529585823,169.87018071223292,171.4290771484375,49514700
2023-05-12,171.5377460938216,171.97247152405595,168.94917294661113,170.50035095214844,45533100
2023-05-15,171.0832715155854,171.13267487374878,169.4135375098661,170.00634765625,37266700
2023-05-16,169.92730529834623,171.0635071571624,169.73958158279842,170.00634765625,42110300
2023-05-17,169.6506388706453,170.85599318757124,168.37610177183038,170.61888122558594,57951600
2023-05-18,170.92517510124802,173.13831574371522,170.51021405749552,172.95059204101562,65496700
2023-05-19,174.27450921230027,174.27450921230027,172.84190244667505,173.05926513671875,55809500
2023-05-22,171.89341610998645,172.61467191708667,171.36977372037438,172.11077880859375,43570900
2023-05-23,171.05360389467134,171.3006055683709,169.2257854789803,169.50242614746094,50747300
2023-05-24,169.03809335131075,170.35214430979713,168.4749372695529,169.7790985107422,45143500
2023-05-25,170.34228313513364,171.81440385308167,169.6309169197775,170.9153289794922,56058300
2023-05-26,171.24135456411133,173.6619683326656,171.03386649216068,173.32603454589844,54835000
2023-05-30,174.8376957969301,176.84334846181008,174.45237373510062,175.17361450195312,55964400
2023-05-31,175.20326416230037,177.19904230758075,174.64009299685546,175.1242218017578,99625300
2023-06-01,175.568824614325,177.95979952365096,174.8080550736066,177.93016052246094,68901800
2023-06-02,178.8588580217184,179.59986307293,177.11008187963884,178.77981567382812,61996900
2023-06-05,180.4396778801857,182.7318457046313,175.90471543246178,177.42625427246094,121946500
2023-06-06,177.81159450251565,177.95978950011877,175.30204865399,177.0607147216797,64848400
2023-06-07,176.29992201473482,179.03670485789638,175.19335930953716,175.68736267089844,61944600
2023-06-08,175.76641213704826,178.67115468077665,175.3317017878174,178.40440368652344,50214900
2023-06-09,179.32326627960364,180.04450715140783,178.46370503408644,178.7897491455078,48900000
2023-06-12,179.09600328256303,181.68457636718009,178.7995982167716,181.5857696533203,54274900
2023-06-13,180.6076484418825,181.94144859403625,180.2519653861507,181.1115264892578,54929100
2023-06-14,181.1708201565632,182.17859141427,179.8370198890403,181.74386596679688,57462900
2023-06-15,181.7537423543279,184.2830374169013,181.57589328622848,183.77914428710932,65433200
2023-06-16,184.490530124381,184.74742157511324,182.0600415149825,182.7022399902344,101256200
2023-06-20,182.19832743508823,183.8680612460024,182.19832743508823,182.79112243652344,49799100
2023-06-21,182.6824521359612,183.1863452547994,180.40015882951445,181.7537384033203,49515700
2023-06-22,181.5363815823821,184.8066817993699,181.46721386744264,184.7572784423828,51245300
2023-06-23,183.32467881492,185.3105672079408,182.7911466595608,184.4411163330078,53117000
2023-06-26,184.5893537277268,185.7947235006194,183.0085364622244,183.04806518554688,48088700
2023-06-27,183.66057729582204,186.1305942130696,183.4432146010413,185.80455017089844,50730800
2023-06-28,185.67610944091007,187.6224840299043,185.3500804657921,186.98028564453125,51216800
2023-06-29,186.81236027434664,187.7904926049556,186.6740399011505,187.3162384033203,46347300
2023-06-30,189.3317294308403,192.14753949056515,188.96615669898216,191.64366149902344,85213200
2023-07-03,191.45598629070503,191.55479301639548,189.4602080229184,190.15182495117188,31458200
2023-07-05,189.2724664103648,190.66554451499093,188.33384790710164,189.03533935546875,46920300
2023-07-06,187.56320791106293,189.7170705815605,186.9308841600135,189.50958251953125,45094300
2023-07-07,189.1143832525221,190.35926638037827,187.95841711755844,188.39312744140625,46815000
2023-07-10,186.9901904322695,187.7114463622765,184.7968137913114,186.34799194335932,59922200
2023-07-11,186.8913747422291,187.0296950947768,184.3620796809065,185.82432556152344,46638100
2023-07-12,187.40513225686783,189.4009103170613,186.20965240962747,187.4940643310547,60750200
2023-07-13,188.2153233916028,188.897050597116,187.5039571837445,188.2548370361328,41342300
2023-07-14,187.94854060692288,188.88714410801785,187.35574553686783,188.4030303955078,41616200
2023-07-17,189.598506397075,191.9894962144421,189.5095893997432,191.6634521484375,50520200
2023-07-18,191.0311380681889,191.9993805984401,190.1122838217696,191.4065704345703,48288200
2023-07-19,190.7841182449009,195.85258285437448,190.3395031262878,192.7601318359375,80507300
2023-07-20,192.7502206227197,194.11367467272564,190.1912869259052,190.8137359619141,59581200
2023-07-21,191.77212935032983,192.6316904574968,188.93653953192955,189.63803100585932,71951700
2023-07-24,191.0904121262525,192.57242242955687,189.9443205401746,190.43832397460932,45377800
2023-07-25,191.01136672601527,192.10805493602857,190.60628029804008,191.29788208007807,37283200
2023-07-26,191.34729559890383,193.2936704090035,191.00150222741644,192.16734313964844,47471900
2023-07-27,193.669117041336,194.83495794865564,190.24073188727883,190.90269470214844,47460200
2023-07-28,192.3352927070371,194.2717927767204,191.8116502798051,193.4813842773437,48291400
2023-07-31,193.70861105598289,194.13346181996275,192.918202599764,194.09393310546875,38824100
2023-08-01,193.88645666636083,194.37057034188453,192.93796352063416,193.26400756835932,35175100
2023-08-02,192.7008590133255,192.83917937620112,189.54912966810332,190.27037048339844,50389300
2023-08-03,189.27247006657564,190.0628634465897,188.4030192576153,188.87725830078125,61235200
2023-08-04,183.29500493096032,185.13269797319032,179.7381748247779,179.80734252929688,115956800
2023-08-07,179.94570917112617,180.93371611312844,175.22303719441848,176.70504760742188,97576100
2023-08-08,177.5349496271552,178.10799539743132,175.45025461361834,177.6436309814453,67823000
2023-08-09,178.70079919463467,178.76007719518685,174.88709204262926,176.05294799804688,60378500
2023-08-10,177.32747151707323,178.58224448237493,175.4700288246158,175.83558654785156,54686900
2023-08-11,175.4299516016464,176.71608281179377,174.6681548123879,175.89492797851562,52036700
2023-08-14,176.0730260741773,177.77469387045335,175.42005736478495,177.54714965820312,43675600
2023-08-15,176.97334414092546,177.56693975444728,175.1628480821964,175.55857849121094,43622600
2023-08-16,175.24197103328896,176.6369303294026,174.61868139075943,174.6879425048828,46964900
2023-08-17,175.25187020963352,175.6179215615527,171.6308784010705,172.1453399658203,66062900
2023-08-18,170.46345254957686,173.23361029129558,170.12708024206367,172.63011169433594,61172200
2023-08-21,173.2039318191006,174.2526308376999,171.88810651020768,173.96571350097656,46311900
2023-08-22,175.17272569654477,175.78611232307705,174.3713618531986,175.34091186523438,42038900
2023-08-23,176.61716031274474,179.61486234805133,176.42918310654636,179.18943786621094,52722800
2023-08-24,178.74423570753817,179.16966018527063,174.13390304899033,174.49996948242188,54945800
2023-08-25,175.4893219988908,177.2404448053197,173.9459523611551,176.70620727539062,51449600
2023-08-28,178.17040801110178,178.6650784859593,176.64682959084442,178.26934814453125,43820700
2023-08-29,177.78458503986462,182.9291555203976,177.58671984756458,182.157470703125,53003900
2023-08-30,182.96870544998345,185.8476910446741,182.7708402924688,185.6498107910156,60813900
2023-08-31,185.8377983965077,187.10415359099383,185.48163505454943,185.8674774169922,60794500
2023-09-01,187.4702460412081,187.8956554579994,186.27313669620688,187.4405670166016,45766500
2023-09-05,186.2731010087421,187.9549774975224,185.61024442594643,187.677963256836,45280000
2023-09-06,186.3918455631262,186.8370611072444,179.53571941437733,180.9603729248047,81755800
2023-09-07,173.31273740579792,176.31045432139675,171.6902188794394,175.66737365722656,112488800
2023-09-08,176.4489782367689,178.3188321743013,175.89493458078306,176.28077697753906,65551300
2023-09-11,178.15065045906456,178.3781946740771,175.4497385181934,177.44821166992188,58953100
2023-09-12,177.5768378987377,178.21001559327632,172.95661681425068,174.42083740234375,90370200
2023-09-13,174.6285604188278,175.41014819975618,172.12552909799857,172.35308837890625,84267900
2023-09-14,172.14533201670497,174.22295413122683,171.72981061302968,173.86679077148438,60895800
2023-09-15,174.59889423512476,174.61868528190746,171.967258666553,173.14456176757812,109259500
2023-09-18,174.59888982853914,177.46798769380123,174.2921965438023,176.07301330566406,67257600
2023-09-19,175.62783421196144,177.71534451200176,175.24199179139225,177.16131591796875,51826900
2023-09-20,177.3492658362857,177.78457830053213,173.5304088946865,173.6194610595703,58436200
2023-09-21,172.68948203416045,174.42082885900223,172.006834299268,172.07608032226562,63149100
2023-09-22,172.80817906033587,175.19249433338604,172.19479251227028,172.92689514160156,56725400
2023-09-25,172.34318970903263,175.08366835534056,172.2937196425223,174.20315551757812,46172700
2023-09-26,172.95662192119033,173.33256128157663,169.8303003575296,170.12710571289062,64588900
2023-09-27,170.78001646868876,171.19553782333026,167.24807740616436,168.6133575439453,66921800
2023-09-28,167.53500431517824,170.19633406818943,165.83333655703308,168.87062072753906,56294400
2023-09-29,170.18643455541363,171.22524557281096,168.52433390834895,169.38507080078125,51861100
2023-10-02,169.39494849088058,172.44212024536975,169.108031178775,171.89797973632812,52164500
2023-10-03,170.42388604353025,171.77929356494764,168.9992475938596,170.56239318847656,49594600
2023-10-04,169.26636140324675,172.35311583182798,169.14764530465982,171.80897521972656,53020300
2023-10-05,171.93756684563112,173.57987653919332,170.83939772477277,173.04563903808594,48527900
2023-10-06,171.94747372177912,176.092815045354,171.33407201891083,175.59814453125,57266700
2023-10-09,174.9253820623563,177.1415113656987,173.92615307401468,177.0821533203125,42390800
2023-10-10,176.20162316730602,177.80435062036204,176.0532129722285,176.488525390625,43698000
2023-10-11,176.300562769531,177.9329844734106,175.70696722860302,177.88351440429688,47551100
2023-10-12,178.15062065434398,180.3964135971746,177.13158565293307,178.78379821777344,56743100
2023-10-13,179.48624788964275,179.9908063804386,176.24121051823693,176.9436492919922,51427100
2023-10-16,174.86602989056055,177.17119633941073,174.6285826048942,176.81503295898438,52517000
2023-10-17,174.7670635598835,176.51820117592956,172.9367919566193,175.26173400878906,57549400
2023-10-18,173.70849028197048,175.68717223288098,173.2434988158149,173.96571350097656,54764400
2023-10-19,174.16358722416024,175.9444040866048,173.32265641144056,173.58978271484375,59302900
2023-10-20,173.4413840831658,173.55021220691836,170.79984518424126,171.03729248046875,64244000
2023-10-23,169.08828663709707,172.15523490983713,168.1187215150264,171.156005859375,55980100
2023-10-24,171.20546620053886,171.81885280099095,169.62251453312876,171.59130859375,43816600
2023-10-25,170.04796051874604,171.21537582153513,168.83106004342108,169.27627563476562,57157000
2023-10-26,168.55403244057868,169.55327657792432,163.90413245355498,165.1111297607422,70625300
2023-10-27,165.13089150916355,167.1590433521086,165.05174242645683,166.4269256591797,58499100
2023-10-30,167.21841659954197,169.34549366723184,167.0700063949142,168.47486877441406,51131000
2023-10-31,167.54490564738762,169.07837213199355,166.1103491096919,168.94976806640625,44846000
2023-11-01,169.1773175299865,172.37288485640974,168.3066925856151,172.11566162109375,56934900
2023-11-02,173.64912468069178,175.88502975328987,173.5897666401313,175.67727661132812,77334800
2023-11-03,172.38277434389337,174.9352758328065,171.50226149314057,174.76707458496094,79829200
2023-11-06,174.4999673355032,177.51744525540883,174.3317811800047,177.319580078125,63841300
2023-11-07,177.27012882075113,180.4953904276926,177.06237564620827,179.8820037841797,70530000
2023-11-08,180.40632954214087,181.4945955371222,179.65442075331012,180.9405670166016,49340300
2023-11-09,181.00983881988668,182.1574629246798,179.87208759448916,180.4656982421875,53763500
2023-11-10,182.24883894138773,184.82452025063435,181.8129530168045,184.65609741210932,66133400
2023-11-13,184.0815522328342,184.2895790947585,182.4866141219331,183.0710906982422,43627500
2023-11-14,185.94394820695567,186.35011603301567,184.55705211313364,185.68638610839844,60108400
2023-11-15,186.0925612366705,187.72711849110289,186.0232088712412,186.2510528564453,53790500
2023-11-16,187.79647578680803,189.173470968727,186.88506958999568,187.93516540527344,54412900
2023-11-17,188.47008739636428,188.59887599886423,186.805812145748,187.9153289794922,50922700
2023-11-20,188.1134564735281,190.11456230851303,188.10355547172333,189.6588592529297,46505100
2023-11-21,189.61926104331656,189.7282325393205,187.9648865974642,188.85646057128903,38134500
2023-11-22,189.6985112393308,191.12502655036587,189.0446822742513,189.5201873779297,39617700
2023-11-24,189.0842924224237,189.11401054524023,187.47945332619432,188.19271850585932,24048300
2023-11-27,188.14319291304204,188.886176253634,187.13273133734725,188.014404296875,40552600
2023-11-28,188.0044881862593,189.29232889633607,187.62803848681267,188.61868286132807,38415400
2023-11-29,189.11401237919708,190.29288164913223,187.2020759179661,187.59832763671875,43014200
2023-11-30,188.06394110215783,188.53946132762457,186.42938378571617,188.17291259765625,48794400
2023-12-01,188.5493613565116,189.76784980640184,187.4596464071562,189.4508514404297,45704800
2023-12-04,188.20263336404665,188.2719857330804,185.69630404843608,187.65777587890625,43389500
2023-12-05,188.43049797744132,192.58128575658972,188.4007647355339,191.61045837402344,66628400
2023-12-06,192.6308298256193,192.9379272177151,190.31272520524868,190.5207672119141,41089700
2023-12-07,191.8184875533541,193.17566559760107,191.7788533108163,192.45249938964844,47477700
2023-12-08,192.38316069569592,194.1564228324412,191.8581203150147,193.8790435791016,53406400
2023-12-11,191.3033586686724,191.67980841318465,189.6291670567547,191.3726959228516,60943700
2023-12-12,191.27361158280868,192.898267700878,189.92633467152928,192.88836669921875,52696900
2023-12-13,193.2647964597461,196.14757505430103,193.0270514975776,196.1079559326172,70404200
2023-12-14,196.1674374155,197.7524596209657,194.3248379535694,196.256591796875,66831600
2023-12-15,195.6819844119138,196.54384019084355,195.15694409647,195.7216186523437,128538400
2023-12-18,194.2554683979516,194.7904248709577,192.57137584033416,194.05734252929688,55751900
2023-12-19,194.32480226669028,195.10740466398727,194.05732405565035,195.09750366210932,40714100
2023-12-20,195.05787394759355,195.8305753609382,193.0072479248047,193.0072479248047,52242800
2023-12-21,194.26537091395173,195.23619818360496,191.6896894536902,192.858642578125,46482500
2023-12-22,193.35397752019372,193.58183662844647,191.1646617390685,191.7887725830078,37149600
2023-12-26,191.79865490672267,192.0760341178965,191.02595351616225,191.243896484375,28919300
2023-12-27,190.68914273833013,191.68968812345565,189.30223153241624,191.34295654296875,48087700
2023-12-28,192.32367927482704,192.8388185312025,191.36275311714084,191.7689208984375,34049900
2023-12-29,192.085968453108,192.5812907184497,189.9362716354492,190.72879028320312,42672100
2024-01-02,185.3991117688797,186.67705163638013,182.16961614691823,183.9032440185547,82488700
2024-01-03,182.4964964795135,184.14096966630487,181.7138790075681,182.52621459960932,58414500
2024-01-04,180.4458748691036,181.37708304150152,179.18776734055538,180.2081298828125,71983600
2024-01-05,180.28738953880887,181.05017488447825,178.48440937769652,179.48495483398438,62379700
2024-01-08,180.38642231817897,183.8635935887416,179.80194579166275,183.823959350586,59144500
2024-01-09,182.19931060924736,183.41779895114087,181.0204413910758,183.40789794921875,42841800
2024-01-10,182.62529236075727,184.65610118978807,182.19930742900604,184.4480743408203,46792900
2024-01-11,184.7947925921475,185.3000308909078,181.90211286972465,183.8536834716797,49128400
2024-01-12,184.3193079074704,184.99295400827785,183.45745205458948,184.1806182861328,40477800
2024-01-16,180.45578462721195,182.5361287641061,179.23728115128063,181.9120330810547,65603000
2024-01-17,179.57411959355028,181.2185778549055,178.613193289656,180.97091674804688,47317400
2024-01-18,184.34898945226777,187.3704575133288,184.09142738261565,186.865234375,78005800
2024-01-19,187.5587047602819,190.15418823308323,187.0534815615711,189.7678375244141,68903000
2024-01-22,190.50092877344645,193.50258021639056,190.46129453088,192.0760498046875,60133900
2024-01-23,193.19546652112328,193.9186326684448,192.01659731903075,193.3539581298828,42355600
2024-01-24,193.5917040371039,194.54272920016805,192.52180639716883,192.6803131103516,53631300
2024-01-25,193.3936037302796,194.4337833882936,191.3033434118829,192.3534240722656,54822100
2024-01-26,192.4524949693292,192.9379010590096,190.1442916656392,190.6197967529297,44594000
2024-01-29,190.21364328629937,190.40186815816608,187.80638442872507,189.936264038086,47145600
2024-01-30,189.1536704655616,190.00562537270864,185.71613271012245,186.28079223632807,55859400
2024-01-31,185.29013601531707,185.3495873813065,182.6253150741395,182.67483520507807,55467800
2024-02-01,182.2686717659614,185.2009707759516,182.1002640289582,185.11181640625,64885400
2024-02-02,178.1773164815156,185.5774319441079,177.57302274507782,184.1112823486328,102551700
2024-02-05,186.38972207997213,187.4794368744002,184.10133612770585,185.9241180419922,69668800
2024-02-06,185.1118018341305,187.53887744205016,185.02264747144727,187.5289764404297,43490800
2024-02-07,188.85642770289712,189.26259549149864,186.8454209943015,187.637939453125,53439000
2024-02-08,187.6181328392653,187.76672344535,185.59722501634783,186.5581512451172,40962000
2024-02-09,187.12352087688572,188.45268968737696,186.4787864459619,187.3219146728516,45155200
2024-02-12,186.8953785381372,187.14335563764143,185.27856300606663,185.6356506347656,41781900
2024-02-13,184.266843961474,184.7032861176272,182.02512109310905,183.5427398681641,56529500
2024-02-14,183.8205195923842,184.028811934586,180.9638178167308,182.65997314453125,54630500
2024-02-15,182.0648252110501,182.9972217098088,179.8826293342481,182.372314453125,65434500
2024-02-16,181.9358579237584,183.3542949699424,180.2000180232841,180.8348388671875,49752500
2024-02-20,180.31906186936408,180.9538827825082,178.54355209419236,180.09092712402344,53665600
2024-02-21,180.467857477222,181.41016764298325,179.19821564929268,180.84478759765625,41371400
2024-02-22,181.99537582737872,183.463411373256,180.98364000764028,182.878173828125,52292200
2024-02-23,183.51300991264984,183.5427659606793,180.75550513620703,181.0431671142578,45119700
2024-02-26,180.7653851605908,181.28116661088927,179.188239363729,179.69412231445312,40867400
2024-02-27,179.6346334198553,182.4318074885896,178.1070858709482,181.1522521972656,54318900
2024-02-28,181.03321827875988,181.6382830805114,178.67248629654023,179.95204162597656,48953900
2024-02-29,179.8032875873991,181.09277187641788,178.0773610649901,179.28749084472656,136682600
2024-03-01,178.0971730296413,179.06923911535185,175.94473341504963,178.20628356933594,73563100
2024-03-04,174.7246735635979,175.46860492728393,172.38376893378626,173.6831817626953,81510100
2024-03-05,169.37830538929336,170.64794717373948,168.24753020204216,168.7434844970703,95132400
2024-03-06,169.67586125903696,169.85441265484894,167.31511424596866,167.75155639648438,68587700
2024-03-07,167.78133333619056,169.34855073763018,167.12668516420615,167.63255310058594,71765100
2024-03-08,167.63254371875993,172.29451084245372,167.5730316278488,169.34854125976562,76267000
2024-03-11,171.54066841678448,172.96901916174485,170.65787040570808,171.35220336914062,60139500
2024-03-12,171.7489536078961,172.62183794587216,169.62626998762764,171.82830810546875,59825400
2024-03-13,171.37204497358655,171.78864474969012,169.37829909505535,169.7453155517578,52488700
2024-03-14,171.5108905650266,172.89955631533712,170.65784870831544,171.60015869140625,72913500
2024-03-15,169.7849566919112,171.2232208251953,168.9120724685351,171.2232208251953,121752700
2024-03-18,174.14939851903085,176.27208229753154,172.11598288120766,172.31436157226562,75604200
2024-03-19,172.92931675607417,175.18095319129145,171.62991909909198,174.65524291992188,55215200
2024-03-20,174.2981469011337,177.22427368164062,173.67323975994282,177.22427368164062,53423100
2024-03-21,175.61741650508932,176.05385870042272,169.45765758517675,169.98336791992188,106181300
2024-03-22,170.37020490965267,171.64977539848843,168.68396342338923,170.88600158691406,71160100
2024-03-25,169.1898419011277,170.54875171721093,168.078894077347,169.4675750732422,54288300
2024-03-26,168.62443878704727,170.0329469889122,168.20783904863555,168.3367919921875,57388400
2024-03-27,169.03114031499092,172.19533102381604,168.73356472173438,171.9076690673828,60273300
2024-03-28,170.36028779920613,170.8363996494882,169.13031578937776,170.09246826171875,65672700
2024-04-01,169.80482284392966,169.86433493378763,168.1086526063626,168.65420532226562,46240500
2024-04-02,167.71189467068976,167.96978543762384,166.86876637308836,167.4738311767578,49329500
2024-04-03,167.42424073989756,169.29894733031932,167.2159484161416,168.27728271484375,47691700
2024-04-04,168.9120862737285,170.5289019190824,167.45399475097656,167.45399475097656,53704400
2024-04-05,168.217753601793,169.01128340394683,167.58293278713433,168.2078399658203,42104800
2024-04-08,167.6622991252661,167.83092176064616,166.87869803905005,167.0869903564453,37425500
2024-04-09,167.3349666518587,168.70380527202582,166.98780774616682,168.297119140625,42373800
2024-04-10,167.43417533006158,167.72182216558926,165.75784736817235,166.42242431640625,49709300
2024-04-11,166.97787330186227,174.040272115757,166.7993370367697,173.6236572265625,91070300
2024-04-12,172.8499658132502,176.91679662448954,172.80038249764078,175.12144470214844,101670900
2024-04-15,173.94107267383276,175.20080068867838,171.10421379905583,171.2926788330078,73531800
2024-04-16,170.3602631929335,172.35399357547163,166.9084262901455,168.0094451904297,73711200
2024-04-17,168.2375828566437,169.2691609240719,166.64060974121094,166.64060974121094,50901200
2024-04-18,166.67036449953886,167.2754292189987,165.20234432957687,165.68836975097656,43122900
2024-04-19,164.8651023016311,165.05355218450794,162.7523325602016,163.66488647460938,68149400
2024-04-22,164.18070504913473,165.9066162144586,163.43677364744048,164.49810791015625,48116400
2024-04-23,164.01208389352126,165.69832539217154,163.58555534900174,165.54953002929688,49537800
2024-04-24,165.19243035823263,167.93010742906517,164.86511388137603,167.65237426757812,48251800
2024-04-25,168.15824741627387,169.2295104164757,166.78940883790665,168.5153350830078,50558300
2024-04-26,168.50540819041237,169.95358601606148,167.81106018420974,167.9300994873047,44838400
2024-04-29,171.96716217122307,174.60564226594082,171.69935778865286,172.0961151123047,68169400
2024-04-30,171.92750782528833,173.57407962239418,168.6244505944639,168.9517822265625,65934800
2024-05-01,168.20783263565716,171.31251085120192,167.74163446478235,167.9300994873047,50383100
2024-05-02,171.11413192483198,172.0167723030629,169.50724497899176,171.6299285888672,94214900
2024-05-03,185.13970898312533,185.4868830000885,181.1820038934194,181.89617919921875,163224100
2024-05-06,180.8745364649345,182.70955826534143,178.9601450261929,180.23971557617188,78569700
2024-05-07,181.965609726272,183.40387401178492,179.8528549315395,180.92410278320312,77305800
2024-05-08,181.37049360808004,181.58871471095884,179.98181248654907,181.26138305664065,45057100
2024-05-09,181.0828227285221,183.1658367406673,180.6364669074405,183.0765686035156,48983000
2024-05-10,183.6526350835399,183.84135574437508,180.9013327671207,181.81512451171875,50759500
2024-05-13,184.18903145054807,185.83783679299245,183.3745558636103,185.0233612060547,72044800
2024-05-14,186.245019986336,187.02969899838183,185.0332491027049,186.16555786132807,52393600
2024-05-15,186.6423374407049,189.36384333151435,186.1059718662387,188.44012451171875,70400000
2024-05-16,189.18505039119887,189.81080512810087,188.38051724709635,188.55929565429688,52845200
2024-05-17,188.23153932133224,189.5227724100756,187.90376371878452,188.589111328125,41282900
2024-05-20,188.052749878466,190.6252736665876,187.73490137733788,189.751205444336,44361300
2024-05-21,189.80088903544183,191.4298248674488,189.63203768676544,191.05239868164065,42309400
2024-05-22,190.97293553544336,191.51922822288097,188.9864276944718,189.61216735839844,34648500
2024-05-23,189.6916095055364,189.71147882549133,185.3709645001415,185.6192779541016,51005900
2024-05-24,187.54620129756856,189.2943226367172,186.771449342652,188.6983642578125,36327000
2024-05-28,190.21803261577213,191.69798625592665,187.8243024405564,188.7082977294922,52280100
2024-05-29,188.33088121296123,190.9530710228537,188.23154975607,189.0062866210937,53068000
2024-05-30,189.4731036365416,190.88352231957748,189.34399093884025,189.99952697753903,49889100
2024-05-31,190.1485307236603,191.2709124904654,188.62885345568,190.9530639648437,75158300
2024-06-03,191.5986571441052,193.67456916074488,191.22123099586668,192.72103881835932,50080500
2024-06-04,193.32693160548868,194.0023521144802,191.7277922771992,193.0388946533203,47471400
2024-06-05,194.0817992315488,195.5716800296083,193.5553758953692,194.5486297607422,54156800
2024-06-06,194.36985841579607,195.17439165110096,192.86010824182844,193.1680145263672,41181800
2024-06-07,193.33685821193552,195.6114180436154,192.83030419832767,195.561752319336,53103900
2024-06-10,195.57169845948167,195.96900913658257,190.85374215435905,191.81719970703125,97010200
2024-06-11,192.34361998807736,205.7624904569484,192.32376582143223,205.75254821777344,172373300
2024-06-12,205.97105482418647,218.7145040828182,205.50422428227435,211.6326141357422,198134300
2024-06-13,213.29135046662023,215.2877853731434,210.17253378994005,212.7947235107422,97862700
2024-06-14,212.40734441299963,213.71843162956225,209.874544034183,211.0565185546875,70122700
2024-06-17,211.93057220447776,217.47293058672332,211.28496325493592,215.20831298828125,93728300
2024-06-18,216.12210108008887,217.15509356895643,211.56306955662492,212.8443603515625,79943300
2024-06-20,212.48680152632812,212.79472296910444,207.4410850045998,208.26547241210932,86172500
2024-06-21,208.9707014370345,210.46058238700795,205.71282963889428,206.0902709960937,241805100
2024-06-24,206.3187207615107,211.26512140596267,205.1963388988781,206.7358856201172,80727000
2024-06-25,207.73905391104032,209.95402109263304,207.20270345608853,207.6596069335937,55549700
2024-06-26,210.07320698316605,213.4105408067213,209.2190079939271,211.8114013671875,66213200
2024-06-27,213.24168634094727,214.28460598729217,210.91747580739147,212.6556701660156,49772700
2024-06-28,214.3144094007937,214.61238861747256,208.88130907255567,209.1991424560547,82542700
2024-07-01,210.65922892540732,216.04266357466884,210.49037757076027,215.2877960205078,60402900
2024-07-02,214.69184092859064,218.8933161608216,213.64893637809143,218.7840576171875,58046200
2024-07-03,218.5158580863075,220.055404663086,217.55240059045883,220.055404663086,37369800
2024-07-05,220.1547167062081,224.9223383671508,220.1547167062081,224.8130798339844,60412400
2024-07-08,225.55802531049065,226.31290797690275,221.7439339584199,226.2831115722656,59085900
2024-07-09,226.39235814584333,227.852442617068,224.84288445944628,227.1372985839844,48076100
2024-07-10,227.753127516838,231.50762613234983,227.70346178953025,231.4082946777344,62627700
2024-07-11,229.82902744909745,230.8222813842516,224.2469451834036,226.0348052978516,64710600
2024-07-12,227.3756747865633,231.07058040656065,227.13728840093884,228.9847412109375,53046500
2024-07-15,234.8846802776345,235.6296207097681,231.5175501306247,232.81871032714844,62631300
2024-07-16,233.4146487749432,234.67608537579065,230.7626628820321,233.23587036132807,43234300
2024-07-17,227.90211488577285,229.89856501704188,225.1110737223605,227.33596801757807,57345900
2024-07-18,228.72648739278685,228.88541164065143,220.7705297877149,222.66763305664065,66034600
2024-07-19,223.30335264411235,225.2699911539264,221.7737331263721,222.7967834472656,49151500
2024-07-22,225.47857008869343,226.24337986146955,221.58501648633228,222.4491577148437,48201800
2024-07-23,222.85638350906987,225.40905343076804,221.1777819116656,223.4920654296875,39960300
2024-07-24,222.4888774009256,223.2834835656707,215.6652278412252,217.06570434570312,61777600
2024-07-25,217.45303879938132,219.3600993592141,213.17211751089403,216.02276611328125,51391200
2024-07-26,217.22462220056252,218.0093012590926,214.55276681781487,216.4896240234375,41601300
2024-07-29,215.4963973064305,217.82060805920165,214.2945532822512,216.76776123046875,36311800
2024-07-30,217.71129719872405,218.8436058951139,214.6620008370257,217.3239288330078,41643800
2024-07-31,219.94613576688096,222.31008478832948,219.1416025703984,220.58181762695312,50036300
2024-08-01,222.8563831356547,222.9656416760084,215.55597572208572,216.88693237304688,62501000
2024-08-02,217.6715836076827,224.0780833133434,216.24131073912352,218.37680053710932,105568600
2024-08-05,197.74689884962456,212.0596899943776,194.6777481915597,207.8582305908203,119548600
2024-08-06,203.91502798694503,208.5733911865651,199.7135682482994,205.83200073242188,69660500
2024-08-07,205.50421123787663,212.1987475040528,204.9976572409954,208.404525756836,63516400
2024-08-08,211.67232394520707,212.7549669805985,207.4211987727528,211.8709716796875,47161100
2024-08-09,210.66914912089348,215.317569896599,210.540021269618,214.78121948242188,42201600
2024-08-12,214.86080125653768,218.281537024183,214.3934303330004,216.3126220703125,38028100
2024-08-13,217.7843306202791,220.64821789171992,217.7843306202791,220.0316925048828,44155300
2024-08-14,219.33559848009435,221.7818227179272,218.4704570730026,220.47915649414065,41960600
2024-08-15,223.3430330024236,224.0888356302054,221.51331902381992,223.4623565673828,46414000
2024-08-16,222.6668580486994,225.5605762411372,222.39836482120643,224.78494262695312,44340200
2024-08-19,224.4567619395897,224.7252551363764,221.79175263729985,224.6258087158203,40687800
2024-08-20,224.50650638916653,225.89866536829533,224.1882899519972,225.2423553466797,30299000
2024-08-21,225.2523038357409,226.70412456960105,223.7905293550798,225.13296508789065,34765500
2024-08-22,226.51518775043243,227.06211276120644,222.6469583809866,223.2734375,43695300
2024-08-23,224.39712188969804,226.9427926991927,223.07456326985687,225.5705108642578,38677300
2024-08-26,225.4909673979149,226.0080615471861,222.6370337628865,225.9086151123047,30602200
2024-08-27,224.7352223013464,227.56927874043384,223.63143365567385,226.7538604736328,35934600
2024-08-28,226.64446298605537,228.57360836626123,224.41699349604747,225.22247314453125,38052200
2024-08-29,228.8122756660522,231.6164859430432,227.5991020536236,228.5039978027344,51906300
2024-08-30,228.90175696593343,229.11057321557684,226.2069166530855,227.71841430664065,52990800
2024-09-03,227.27093626472063,227.71841483123856,219.9322331496077,221.52328491210932,50190600
2024-09-04,220.4194933741805,220.53881694406624,216.2628786668988,219.6140289306641,43840200
2024-09-05,220.38966486266608,224.2181094473344,220.28027986462445,221.13546752929688,36615400
2024-09-06,222.69665529961063,223.979444280083,218.5400560553227,219.5841827392578,48423000
2024-09-09,219.58419811845144,220.0316766790804,215.49719894103853,219.67369079589844,67180000
2024-09-10,217.6948007809582,220.24047117735444,215.5170548044402,218.87814331054688,51591000
2024-09-11,220.22062862304543,221.84149617822104,216.6706004766808,221.41390991210932,44587100
2024-09-12,221.25479170284092,222.2989184736456,218.5897974500539,221.52328491210932,37455600
2024-09-13,222.3287642541488,222.78618142445663,220.66811202153605,221.2548065185547,36766600
2024-09-16,215.328129813119,216.0043320914465,212.7227974671536,215.109375,59357400
2024-09-17,214.5425786319653,215.6861367129052,213.299574120772,215.5767517089844,45519300
2024-09-18,216.3325139866577,221.46364038861367,216.32256023932743,219.45494079589844,59894900
2024-09-19,223.7308812843982,228.53385270483287,223.3728953656889,227.5891571044922,66781300
2024-09-20,228.68298057338347,231.78551472560144,226.3461262129669,226.92288208007807,318679900
2024-09-23,226.06771724362264,228.16590950652684,224.54628090601008,225.2025909423828,54146000
2024-09-24,227.37035418692216,228.06644877557943,224.46669778796843,226.09751892089844,43556100
2024-09-25,223.6711754067507,226.0179683097268,222.76627973963284,225.1031188964844,42308700
2024-09-26,226.02791885863684,227.2212000254045,224.1484968482946,226.24668884277344,36636700
2024-09-27,227.1814309358191,228.2354962210898,226.02791923090672,226.51516723632807,34026000
2024-09-30,228.75258844686653,231.696029663086,228.3647716650959,231.696029663086,54541900
2024-10-01,228.23551952322453,228.364781673884,222.48786790384585,224.9440460205078,63285000
2024-10-02,224.62581519597003,226.09752818761768,221.771881889721,225.5108337402344,32880600
2024-10-03,223.88001079844628,225.5406628776434,222.0702042586661,224.40704345703125,34044200
2024-10-04,226.6245660168141,226.72401244250625,222.87567550784985,225.53073120117188,37245100
2024-10-07,223.243612563182,224.4269552980529,220.0913549103801,220.4493408203125,39505400
2024-10-08,223.0447257693685,224.71531649859696,222.00059897690352,224.50650024414065,31855700
2024-10-09,223.9694944669103,228.46420250356093,223.5717391390905,228.25537109375,33591100
2024-10-10,226.50523572074,228.21561101279016,225.89864895817115,227.7581787109375,28183500
2024-10-11,228.0167412789572,228.12612627842185,226.0677036085129,226.2765350341797,31759200
2024-10-14,227.4200987868959,230.433140461172,227.32066753158787,230.00555419921875,39882100
2024-10-15,232.30261271123652,236.160903320606,231.0695468532438,232.5412750244141,64751400
2024-10-16,230.30386376880503,230.8209426799016,228.55370384388212,230.4828491210937,34082200
2024-10-17,232.123619666284,232.5412825211578,229.22991678936268,230.8507843017578,32993800
2024-10-18,234.8582185948981,234.8582185948981,232.7003647541102,233.6848297119141,46431500
2024-10-21,233.1379171151628,235.52449481958172,233.1379171151628,235.15655517578125,36254500
2024-10-22,232.5810627118631,234.89802497361623,231.29828871484364,234.5400390625,38846600
2024-10-23,232.76999409553275,233.82405947286145,226.4853561254601,229.46856689453125,52287000
2024-10-24,228.69293816499177,229.5282487298504,227.1317323861892,229.27964782714844,31109500
2024-10-25,228.4542922398222,231.91481257552053,228.2852454458818,230.1149444580078,38802300
2024-10-28,232.0142415868445,233.4163390485852,231.2485466113364,232.09378051757807,36087100
2024-10-29,231.7955024834744,233.0186147539684,231.01986883161024,232.3623046875,35417200
2024-10-30,231.3082186556225,232.1634063461827,228.2653461113998,228.8122711181641,47070900
2024-10-31,228.0565185081812,228.54378173572667,224.1087349932077,224.64572143554688,64370100
2024-11-01,219.7333456007168,224.0888378455061,219.0372661759177,221.66249084472656,65276700
2024-11-04,219.7532516264011,221.5431659237015,218.48041626355013,220.7675323486328,44944500
2024-11-05,220.558703156551,222.69666464924052,219.902393193564,222.199462890625,28111300
2024-11-06,221.3641715227741,224.80481443000403,219.95212032394844,221.4735565185547,54561100
2024-11-07,223.37286824297072,226.6046796929521,223.31320645932945,226.2069091796875,42137700
2024-11-08,226.1471715847569,227.6304683697232,225.3905989320025,225.9381256103516,38328800
2024-11-11,223.98695058099835,224.6837958336773,220.5027091275161,223.2204132080078,42005600
2024-11-12,223.53897971785372,224.57429049467865,222.35433519325588,223.2204132080078,40398300
2024-11-13,223.00142703514817,225.629540269826,221.75705495073464,224.1064300537109,48566200
2024-11-14,224.006869885888,227.8395264579333,223.98695568104733,227.1924591064453,44923900
2024-11-15,225.3806442603365,225.8983072510828,223.26024476090137,223.9869537353516,47923700
2024-11-18,224.2358298771528,228.7056194794285,224.1561882479486,226.9933624267578,44633700
2024-11-19,225.95804731142948,229.123737666772,225.63949596937007,227.252197265625,36211800
2024-11-20,227.0331781982001,228.89475383274825,224.8729502483013,227.9689483642578,35169600
2024-11-21,227.8494991340082,229.1237348668511,224.69377351516383,227.4911193847656,42108300
2024-11-22,227.03318893672343,229.6812162999479,227.03318893672343,228.8350372314453,38168300
2024-11-25,230.41787789282503,232.19981188776785,228.70562083004268,231.821517944336,90152800
2024-11-26,232.2794717613211,234.50939199708804,232.2794717613211,234.00167846679688,45986200
2024-11-27,233.41431778082384,234.6288260383393,232.75728573526555,233.8722381591797,33498400
2024-11-29,233.75280101667173,236.73929396987336,232.91658663539664,236.261459350586,28481400
2024-12-02,236.2016993939632,239.7058397062912,236.0921940598225,238.51124572753903,48137100
2024-12-03,238.7302854787009,241.6670004646685,237.8243789850029,241.5574951171875,38861000
2024-12-04,241.7765092325954,243.01093178619985,240.16380790150487,241.91587829589844,44383900
2024-12-05,242.8914746561807,243.43898620611924,241.03984843814555,241.9457397460937,40033900
2024-12-06,241.81631992920728,243.5285769758241,240.99005511798387,241.7466278076172,36870600
2024-12-09,240.74119161135067,246.1268373888661,240.6615499788263,245.6390380859375,44649200
2024-12-10,245.77840669680955,247.0924708459312,244.23538234840328,246.65444946289065,36914800
2024-12-11,246.8435859006099,249.6707953739444,245.15122786747497,245.3802032470703,45205800
2024-12-12,245.77839247075497,247.62006903646127,244.57383373711528,246.8435821533203,32777500
2024-12-13,246.70421556592945,248.16758302178013,245.131327579476,247.0128173828125,33155300
2024-12-16,246.87345818165343,250.2481944775453,246.53497744922527,249.9097137451172,51694800
2024-12-17,248.9540440613884,252.68716009783537,248.655391740455,252.33872985839844,51356400
2024-12-18,251.02467749046983,253.1351275334769,246.62457993830327,246.9331817626953,56774100
2024-12-19,246.3856613682502,250.8654006658548,245.97750369773613,248.66534423828125,60882300
2024-12-20,246.92322076153133,253.8518908180873,244.5838104896136,253.3441925048828,147495300
2024-12-23,253.6229329525933,254.49896052911285,252.30886880268173,254.1206817626953,40858800
2024-12-24,254.3397007808045,257.04744042152294,254.1405890981748,257.0375061035156,23234700
2024-12-26,257.02754060124687,258.9289447577566,256.4700643478404,257.8537902832031,27237100
2024-12-27,256.6691291131229,257.53523753189216,251.9206165669488,254.4392242431641,42355300
2024-12-30,251.0943626150189,252.3586488565982,249.62103037787767,251.0644989013672,35557500
2024-12-31,251.30342042234355,252.1396347735265,248.30696287880588,249.29251098632807,39480700
2025-01-02,247.80920478270548,247.9784527382305,240.731231586112,242.7520904541016,55740700
2025-01-03,242.2642974853516,243.08059762167903,240.800914792456,242.2642974853516,40244100
2025-01-06,243.210031063562,246.21643825220417,242.10502805254345,243.8969268798828,45045600
2025-01-07,241.8859985205852,244.44443460073452,240.263347789176,241.11947631835932,40856000
2025-01-08,240.83078235887348,242.6127316047624,238.9692066706783,241.60726928710932,37628900
2025-01-10,238.9293760168756,239.0787097724967,231.95094323601768,235.7836151123047,61710900
2025-01-13,232.47854174290725,233.6134083428242,228.6856985060818,233.34461975097656,49630700
2025-01-14,233.69305795736565,235.0568847872792,231.4233246799516,232.22967529296875,39435300
2025-01-15,233.5835582088168,237.88411516800545,233.3744970274307,236.79901123046875,39832000
2025-01-16,236.28136958651152,236.9383864807084,227.0033243432251,227.23228454589844,71759100
2025-01-17,231.0749139636463,231.24414674448963,227.4513030577177,228.94454956054688,68488300
2025-01-21,222.99146586562136,223.4095730413088,218.3922717429712,221.63758850097656,98070400
2025-01-22,218.80040121474653,223.1109074563204,218.80040121474653,222.8222198486328,64126500
2025-01-23,223.72813912330528,226.00782197454976,221.29912251598503,222.6529998779297,60234800
2025-01-24,223.76795755359672,224.61413662079448,220.4131353788753,221.77696228027344,54697900
2025-01-27,223.01138591977585,231.10477141655377,222.9715575076631,228.82508850097656,94863400
2025-01-28,229.81064487405345,239.10858953414348,229.7708164605127,237.1872711181641,75707600
2025-01-29,233.0658900359753,238.78005164957875,232.9563846938824,238.2823028564453,45486100
2025-01-30,237.59540286874545,239.70585285329432,236.1419849250764,236.520263671875,55658300
2025-01-31,246.07705979363328,246.07705979363328,232.3889674810629,234.9374389648437,100959800
2025-02-03,228.9544945887561,230.78620649590428,224.6838014511222,226.9833984375,73063300
2025-02-04,226.2268315478868,232.0803623471157,225.62952690670863,231.75184631347656,45067300
2025-02-05,227.50107667347064,231.62243633567465,227.24225275297744,231.42333984375,39620300
2025-02-06,230.24863411824003,232.74734282564023,229.392505571298,232.16995239257807,29925300
2025-02-07,231.55275755143825,232.946448173879,226.236788599926,226.60513305664065,39707200
2025-02-10,228.7876615470872,229.8041745661949,226.4257278690688,226.8741912841797,33115600
2025-02-11,227.4223198813819,234.42836130351915,227.35256634016287,231.82725524902344,53718400
2025-02-12,230.41209906543347,236.15247950770552,229.89386689621963,236.06277465820312,45243300
2025-02-13,236.10264318513748,241.514131106333,234.7672133917818,240.70689392089844,53614100
2025-02-14,240.4278440984732,244.7131931693581,240.1687356269457,243.7664337158203,40896200
2025-02-18,243.31796980618805,244.34445851455,241.0158443494388,243.6368865966797,48822500
2025-02-19,243.8262313730556,245.1716216090192,242.33134319523683,244.03550720214844,32204200
2025-02-20,244.10528213544583,245.9390080304084,243.4574881179024,244.99224853515625,32316900
2025-02-21,245.1118418459535,247.8425098737267,244.3843338177488,244.7132110595703,53197400
2025-02-24,244.0953010258401,248.0119159709633,243.5870445183064,246.25791931152344,51326400
2025-02-25,247.1548399621421,249.1480241553852,244.0753740332108,246.19810485839844,48013300
2025-02-26,243.49736566903923,244.14514449402503,238.3150894487839,239.5408935546875,44433600
2025-02-27,238.5941277716784,241.6337368385667,236.25213016109493,236.49131774902344,41153600
2025-02-28,236.1425036842072,241.2649866571528,229.41550676334808,241.01583862304688,56833400
2025-03-03,240.96599177281345,243.1983635012748,235.3053560708129,237.21881103515625,47184000
2025-03-04,236.8999245639949,239.25188262538288,233.88023638606123,235.1259765625,53798100
2025-03-05,234.6177134735288,235.7438674276595,228.44880585950324,234.93663024902344,47227600
2025-03-06,233.6410487970976,237.0493918731741,232.36541215599715,234.52801513671875,45170400
2025-03-07,234.3087681523361,240.5474291949517,233.9599548362388,238.2552795410156,46273600
2025-03-10,234.73730306532093,235.35520052510583,223.45588808739052,226.70477294921875,72071200
2025-03-11,223.0472821864493,225.0703629938446,216.7089556312574,220.08740234375,76137400
2025-03-12,219.3898050520796,220.9943190932265,214.177632133622,216.24057006835932,62547500
2025-03-13,215.2140760046737,216.1010424274323,207.7097381833997,208.96543884277344,61368300
2025-03-14,210.53009451028825,213.2208903100085,208.86578742228792,212.7624664306641,60107600
2025-03-17,212.5830704146544,214.48656508270392,209.25445626243933,213.27072143554688,48073400
2025-03-18,213.43018643369248,214.4168029665515,210.769287119016,211.96519470214844,42432400
2025-03-19,213.4899719913265,218.01449366985423,213.02157246340184,214.50650024414065,54385400
2025-03-20,213.2607508466693,216.7488232276348,211.4967785561088,213.3703765869141,48862900
2025-03-21,210.83902892918795,218.09421843072647,210.55998434888176,217.5261688232422,94127800
2025-03-24,220.2468673442068,220.7252273230714,217.8351161419945,219.977783203125,44299500
2025-03-25,220.0176475207108,223.3363011191594,219.32999652191663,222.98748779296875,34493600
2025-03-26,222.74828771017505,224.2531514656449,219.71865451354492,220.7750396728516,34466100
2025-03-27,220.6355197392567,224.22325730600969,219.8083464889556,223.087142944336,37094800
2025-03-28,220.91456609374504,223.0472725515885,216.93815819229235,217.15740966796875,39818600
2025-03-31,216.2704542730732,224.8511131847691,215.49311362240712,221.37301635742188,65299300
2025-04-01,219.0609113529448,222.91771798921508,218.15400887457568,222.4293975830078,36412700
2025-04-02,220.56578026164416,224.4225869866718,220.2667995775576,223.12701416015625,35905900
2025-04-03,204.8395564250824,206.7829234026015,200.56418252947896,202.49757385253903,103419000
2025-04-04,193.2292544699453,199.19884701911505,186.70157274086588,187.738037109375,125910900
2025-04-07,176.59612158290105,193.48835506739644,174.02491207450518,180.84161376953125,160466300
2025-04-08,186.0637635998773,189.69135865616963,168.63337548243626,171.83242797851562,120859500
2025-04-09,171.3640110222038,199.926344669284,171.30421792842867,198.1723480224609,184395900
2025-04-10,188.42568213047016,194.1162147014944,182.37636057603893,189.7710723876953,121880000
2025-04-11,185.46579368960585,198.85997858079665,185.42592149027783,197.47471618652344,87435900
2025-04-14,210.7194335873708,212.2143217198501,200.4744681359889,201.829833984375,101352900
2025-04-15,201.1720967653651,202.81646776904176,199.11911932089467,201.45114135742188,51343900
2025-04-16,197.68401406478424,200.01603598224625,191.71442177543543,193.6079559326172,59732400
2025-04-17,196.5279673080365,198.1524173652309,193.75744237056688,196.3087158203125,52164700
2025-04-21,192.61134997705832,193.13954254760668,189.1631347892109,192.5017242431641,46742500
2025-04-22,195.45165216386687,200.9030125684292,195.3021694205859,199.059326171875,52976400
2025-04-23,205.29797863560773,207.29116289420588,202.1088868632085,203.9027557373047,52929200
2025-04-24,204.1917605029567,208.11833592046503,202.248408894664,207.659896850586,47311000
2025-04-25,205.66671618569228,209.0352025034097,205.49729734578435,208.5668029785156,38222300
2025-04-28,209.2843516085664,210.7792398343419,206.7530142372406,209.4238739013672,38743100
2025-04-29,207.97880282615472,211.51670773820763,207.65988606249564,210.4902191162109,36827600
2025-04-30,208.58675630135352,212.85216981941505,205.9657138762996,211.77584838867188,52286500
2025-05-01,208.3674918385056,213.82881264888,208.1880973411412,212.59304809570312,57365700
2025-05-02,205.38767599056172,206.2846180646873,201.4710760745947,204.65020751953125,101010600
2025-05-05,202.4078790317576,203.4044712176219,197.5345438511527,198.21221923828125,69018500
2025-05-06,197.5345306234426,199.96620262041336,196.34858356859348,197.83349609375,51216500
2025-05-07,198.491254496406,198.7603386318323,192.591430858442,195.58120727539065,68536700
2025-05-08,197.04619801698016,199.3682595147921,194.0165494128041,196.8169860839844,50478900
2025-05-09,198.32183886048443,199.85658408831688,196.86680762308345,197.8534393310547,36453900
2025-05-12,210.5267519291572,210.82612467262763,206.3156169574021,210.3471221923828,63775800
2025-05-13,209.98788789546765,212.95164926547025,208.5608995756232,212.48263549804688,51909300
2025-05-14,211.9836919036665,213.4905292428568,210.1375877621875,211.8839111328125,49325800
2025-05-15,210.506803034962,212.51258988469863,209.0997617101353,211.00575256347656,45029500
2025-05-16,211.9138418912236,212.12340739052024,209.3292870180407,210.816146850586,54737900
2025-05-19,207.47318710280223,209.0398806327114,203.83084657536088,208.3413543701172,46140500
2025-05-20,207.23369558110693,208.03201787298204,204.5992426766309,206.42539978027344,42496600
2025-05-21,204.7389515122616,206.6050179110669,200.2883301620853,201.66542053222656,59211800
2025-05-22,200.28832240028711,202.32402973584547,199.28043462788847,200.9369506835937,46742400
2025-05-23,193.2630967266574,197.28462846236872,193.053546464468,194.8597412109375,78432900
2025-05-27,197.8833769105113,200.31825293342968,197.01519441683536,199.78936767578125,56288500
2025-05-28,200.16857290124128,202.3040763244224,199.4800200994256,199.9989318847656,45339700
2025-05-29,203.15228556391767,203.38179807643976,198.09293019267844,199.5299072265625,51396800
2025-05-30,198.95112277889336,201.53569281345096,196.3665679710664,200.4280242919922,70819900
2025-06-02,199.85921507319503,201.70533435611304,199.69954757512767,201.27622985839844,35423300
2025-06-03,200.92697696252267,203.34189080211323,200.53779694760377,202.8429412841797,46381600
2025-06-04,202.4836823743862,205.80668775064265,201.6753866500836,202.3938751220703,43604000
2025-06-05,203.07244608657663,204.3198198340372,199.72947835269025,200.2084808349609,55126100
2025-06-06,202.5734966384944,205.26782088834017,201.62549563553227,203.49156188964844,46607700
2025-06-09,203.96057412654167,205.5671921108461,199.59976040917107,201.02674865722656,72862600
2025-06-10,200.17855851367187,203.9206800071224,200.1486227598628,202.24420166015625,54672600
2025-06-11,203.0724503091444,204.0703493278625,197.9931479582844,198.36236572265625,60989900
2025-06-12,198.66173587371063,199.26046614106752,196.94534836583952,198.781478881836,43904600
2025-06-13,199.3103695725812,199.9490243445518,195.2888376882346,196.03726196289065,51447300
2025-06-16,196.8854859861783,198.27256505925683,196.1470352061455,198.0031280517578,43020700
2025-06-17,196.78567812068,197.97318035709665,194.79986887227625,195.2289581298828,38856200
2025-06-18,195.5283374204853,197.15491770400297,194.6601701411749,196.1669921875,45394700
2025-06-20,197.82351706190548,201.27623931614943,196.44641147314488,200.5777130126953,96813500
2025-06-23,201.2063766376904,201.87496712850407,198.54198818263384,201.0766448974609,55814300
2025-06-24,202.16436301176623,203.0125832870988,199.77938491343545,199.87918090820312,54064000
2025-06-25,201.02675088646447,203.2420878888105,200.19849288768373,201.1365203857422,39525700
2025-06-26,201.00680230384165,202.2142668779585,199.04095514509612,200.5777130126953,50799100
2025-06-27,201.46584280819525,202.79305039965564,199.57981417332653,200.6575469970703,73188600
2025-06-30,201.58557286233471,206.95427439094752,198.84135059390303,204.7389373779297,91912800
2025-07-01,206.23578409144605,209.74839282792448,205.70689884063933,207.3833770751953,78788900
2025-07-02,208.47108532398715,212.8917706186518,207.7026988246806,211.99366760253903,67941800
2025-07-03,211.7042658878765,214.1990133776075,211.3649838836884,213.1013336181641,34955800
2025-07-07,212.23315593085263,215.77570049162512,208.36131809352125,209.50889587402344,50229000
2025-07-08,209.658593847986,210.985786168202,208.01205130024096,209.5687713623047,42848900
2025-07-09,209.0897778625777,210.8859991217609,206.7846335910969,210.69639587402344,48749400
2025-07-10,210.06772774811225,213.03148920420767,209.58874045798785,211.9637451171875,44443600
2025-07-11,210.12759762046792,211.68431760849728,209.41908263784933,210.7163543701172,39765800
2025-07-14,209.4889316669829,210.46688365912564,207.10395364435493,208.1816864013672,38840100
2025-07-15,208.7804390594974,211.44482767792792,208.48106630115817,208.6706695556641,42296300
2025-07-16,209.85816533566305,211.9537441254909,208.20164932080104,209.7184600830078,47490500
2025-07-17,210.1275981014208,211.3550095983717,209.1496461257956,209.5787506103516,48068100
2025-07-18,210.42696659875529,211.34503189230253,209.25942654413325,210.7363128662109,48974600
2025-07-21,211.6543933122032,215.3266544851033,211.18537954340883,212.03358459472656,51377400
2025-07-22,212.6921919281017,214.49838667908327,211.78410018506472,213.9495391845703,46404100
2025-07-23,214.54829351655,214.69797228179937,211.9637386583707,213.7000732421875,46989300
2025-07-24,213.45060308663847,215.23685093304425,213.08138530657155,213.31089782714844,46022600
2025-07-25,214.24891808809048,214.7877920897316,212.95164630742312,213.4306488037109,40268800
2025-07-28,213.5803337758995,214.39861831079745,212.6123704732672,213.6002960205078,37858000
2025-07-29,213.73000061776605,214.3586818606333,210.3770745937549,210.8261260986328,51411700
2025-07-30,211.454797150492,211.9437731540036,207.28358653790625,208.6107940673828,45512500
2025-07-31,208.0519764228089,209.39913099136336,206.72476887181696,207.1339111328125,80698400
2025-08-01,210.4269561886582,213.131269164684,201.07664747870345,201.95480346679688,104434500
2025-08-04,204.0803265791815,207.44325668811337,201.2562704772093,202.9227752685547,75109300
2025-08-05,202.97265486934364,204.908581407206,201.73526982787087,202.49366760253903,44155100
2025-08-06,205.1979708684584,214.9274858636443,205.15804638253505,212.8019561767578,108483100
2025-08-07,218.42014073215765,220.38600300495352,216.12496995802368,219.56771850585932,90224800
2025-08-08,220.36603010589772,230.5146607452676,218.78934791515115,228.86813354492188,113854000
2025-08-11,227.6992650180531,229.3376761213044,224.54232171734583,226.95997619628903,61806100
2025-08-12,227.78917070894937,230.57647717809445,226.8500938879156,229.42758178710932,55626200
2025-08-13,230.8462285986664,234.77241529044048,230.2068337695816,233.10403442382807,69878500
2025-08-14,233.83332460758467,234.89229562265464,230.6264418350812,232.5545654296875,51916300
2025-08-15,233.77337703316005,234.0531046408583,229.11788646444973,231.3657073974609,56038700
2025-08-18,231.4756102221476,232.8942332130852,229.88715369469057,230.66639709472656,37476200
2025-08-19,231.0560196461585,232.64447617946885,229.1278960385577,230.3367156982422,39402600
2025-08-20,229.75726351111012,230.2467944412184,225.5513493703436,225.7911071777344,42263900
2025-08-21,226.0508735335389,226.30063142153253,223.56327948127884,224.68218994140625,30621200
2025-08-22,225.9509569942965,228.8681272027074,225.1916985271248,227.53941345214844,42477800
2025-08-25,226.26065308481304,229.0779292721956,226.01089520624416,226.94000244140625,30983100
2025-08-26,226.65028173376103,229.26775474756235,224.4724002828088,229.08792114257807,54575100
2025-08-27,228.38860049855515,230.676376013076,228.03893336267103,230.26678466796875,31259500
2025-08-28,230.59647266873003,233.1839607581121,229.11789497993007,232.33477783203125,38074700
2025-08-29,232.284813175836,233.15398096397084,231.145917853049,231.9151763916016,39418400
2025-09-02,229.02798202980685,230.6264386017744,226.75019132336067,229.49752807617188,44075600
2025-09-03,236.9802851593088,238.6186963224971,234.133039090421,238.2390594482422,66427800
2025-09-04,238.2190615253141,239.66765417218173,236.51072617258424,239.5477752685547,47549400
2025-09-05,239.7675678194568,241.0862967595893,238.25903569310344,239.45787048339844,54870400
2025-09-08,239.06825064349684,239.9174183063481,236.11111057683257,237.64962768554688,48999500
2025-09-09,236.7704743513664,238.5487492683241,233.13400016518185,234.123046875,66313900
2025-09-10,231.96513778704136,232.19491077497392,225.73117543382176,226.5703582763672,83440800
2025-09-11,226.6602772530751,230.2268118701716,226.43048902665416,229.8072204589844,50208600
2025-09-12,228.9980136278554,234.28288383192944,228.7982103662064,233.84332275390625,55824200
2025-09-15,236.7704766731017,237.95932665324483,234.8023833057073,236.47076416015625,42699500
2025-09-16,236.9502954777413,240.98639147239973,236.09114297984144,237.9193572998047,63421100
2025-09-17,238.73857528095925,239.86748583209587,237.4997706474641,238.7585601806641,46508000
2025-09-18,239.737599946219,240.9664044724694,236.4208079152849,237.64962768554688,44249600
2025-09-19,240.9963687007352,246.0614658116388,239.9773675285625,245.26223754882807,163741300
2025-09-22,248.05953649140056,256.3914711896616,247.8797028858207,255.8319854736328,105517400
2025-09-23,255.63220171436936,257.0907792625319,253.33442606621003,254.18359375,60275200
2025-09-24,254.9728287261993,255.4923293909784,250.79686899703333,252.06564331054688,42303700
2025-09-25,252.9647721258288,256.9209435623003,251.466224879955,256.6212158203125,55202100
2025-09-26,253.8539172209246,257.3505275669758,253.5342198150173,255.2126007080078,46076300
2025-09-29,254.3134727315257,254.75304905914027,252.76497075706976,254.18359375,40127700
2025-09-30,254.61318058017173,255.67215158054225,252.8648753735947,254.38340759277344,37704300
2025-10-01,254.7929996074261,258.53938316103813,254.6831055272507,255.20260620117188,48713900
2025-10-02,256.33149581258533,257.9299523535748,253.9038565188199,256.8809814453125,42630200
2025-10-03,254.423364518044,258.9889308017334,253.70406057825727,257.7701110839844,49155600
2025-10-06,257.7401350456914,258.819106172963,254.8029951481629,256.44140625,44664100
2025-10-07,256.56129542181253,257.15072039039774,255.18262697514496,256.23162841796875,31955800
2025-10-08,256.2715719294531,258.2696351050741,255.8619653198879,257.8100891113281,36496900
2025-10-09,257.5603136690899,257.75013209688524,252.8948383011137,253.79396057128903,38322000
2025-10-10,254.69310389004832,256.1317117503244,243.76369637579657,245.032470703125,61999100
2025-10-13,249.1384861966953,249.44818352992385,245.32217845998096,247.420150756836,38142900
2025-10-14,246.36117950382103,248.60900042906025,244.46301046499008,247.5300445556641,35478000
2025-10-15,249.24838988167792,251.5761352503302,247.2303418581919,249.09852600097656,33893600
2025-10-16,248.0095859666744,248.79881419551728,244.8926123625184,247.2103576660156,39777000
2025-10-17,247.77980070207627,253.13461023404025,247.03052706557392,252.045654296875,49147000
2025-10-20,255.64218177653177,264.1239650925819,255.3824390623343,261.98602294921875,90483000
2025-10-21,261.6263807259345,265.0330818858,261.5764108568555,262.5155029296875,46695900
2025-10-22,262.3956210979312,262.5954395959732,255.18261234613632,258.19970703125,45015300
2025-10-23,259.6882499566228,260.36758405794774,257.76012648314656,259.3285827636719,32754900
2025-10-24,260.93706434715574,263.87421967110856,258.9290010880386,262.56549072265625,38253700
2025-10-27,264.6234656652487,268.8593494221352,264.3936774471076,268.5496520996094,44888200
2025-10-28,268.7294713644567,269.6286240979669,267.8902885694659,268.7394714355469,41534800
2025-10-29,269.01920560410514,271.1471476128123,266.85129379808274,269.4388122558594,51086700
2025-10-30,271.7265709290392,273.87451306817263,268.2199910571769,271.1371459960937,69886500
2025-10-31,276.721738255342,277.05143573891627,268.89933466249033,270.108154296875,86167100
2025-11-03,270.15812755648943,270.5877038096653,265.9921525413924,268.7894287109375,50194600
2025-11-04,268.0701070960229,271.2270502723956,267.36080327265466,269.7784729003906,49274800
2025-11-05,268.3498399683747,271.43687417180433,266.67147434431234,269.8783874511719,43683100
2025-11-06,267.6305743388968,273.1352174017799,267.6305743388968,269.5087280273437,51204000
2025-11-07,269.5386899523433,272.02629915101613,266.51162568814635,268.2099914550781,48227400
2025-11-10,268.9599914550781,273.7300109863281,267.4599914550781,269.42999267578125,41312400
2025-11-11,269.8099975585937,275.9100036621094,269.79998779296875,275.25,46208300
2025-11-12,275.0,275.7300109863281,271.70001220703125,273.4700012207031,48398000
2025-11-13,274.1099853515625,276.70001220703125,272.0899963378906,272.95001220703125,49602800
2025-11-14,271.04998779296875,275.9599914550781,269.6000061035156,272.4100036621094,47431300
2025-11-17,268.82000732421875,270.489990234375,265.7300109863281,267.4599914550781,45018300
2025-11-18,269.989990234375,270.7099914550781,265.32000732421875,267.44000244140625,45677300
2025-11-19,265.5299987792969,272.2099914550781,265.5,268.5599975585937,40424500
2025-11-20,270.8299865722656,275.42999267578125,265.9200134277344,266.25,45823600
2025-11-21,265.95001220703125,273.3299865722656,265.6700134277344,271.489990234375,59030800
2025-11-24,270.8999938964844,277.0,270.8999938964844,275.9200134277344,65585800
2025-11-25,275.2699890136719,280.3800048828125,275.25,276.9700012207031,46914200
2025-11-26,276.9599914550781,279.5299987792969,276.6300048828125,277.54998779296875,33431400
2025-11-28,277.260009765625,279.0,275.989990234375,278.8500061035156,20135600
2025-12-01,278.010009765625,283.4200134277344,276.1400146484375,283.1000061035156,46587700
2025-12-02,283.0,287.3999938964844,282.6300048828125,286.19000244140625,53669500
2025-12-03,286.20001220703125,288.6199951171875,283.29998779296875,284.1499938964844,43538700
2025-12-04,284.1000061035156,284.7300109863281,278.5899963378906,280.70001220703125,43989100
2025-12-05,280.5400085449219,281.1400146484375,278.04998779296875,278.7799987792969,47265800
2025-12-08,278.1300048828125,279.6700134277344,276.1499938964844,277.8900146484375,38211800
2025-12-09,278.1600036621094,280.0299987792969,276.9200134277344,277.17999267578125,32193300
2025-12-10,277.75,279.75,276.44000244140625,278.7799987792969,33038300
2025-12-11,279.1000061035156,279.5899963378906,273.8099975585937,278.0299987792969,33248000
2025-12-12,277.8999938964844,279.2200012207031,276.82000732421875,278.2799987792969,39532900
2025-12-15,280.1499938964844,280.1499938964844,272.8399963378906,274.1099853515625,50409100
2025-12-16,272.82000732421875,275.5,271.7900085449219,274.6099853515625,37648600
2025-12-17,275.010009765625,276.1600036621094,271.6400146484375,271.8399963378906,50138700
2025-12-18,273.6099853515625,273.6300048828125,266.95001220703125,272.19000244140625,51630700
2025-12-19,272.1499938964844,274.6000061035156,269.8999938964844,273.6700134277344,144632000
2025-12-22,272.8599853515625,273.8800048828125,270.510009765625,270.9700012207031,36571800
2025-12-23,270.8399963378906,272.5,269.5599975585937,272.3599853515625,29642000
2025-12-24,272.3399963378906,275.42999267578125,272.20001220703125,273.8099975585937,17910600
2025-12-26,274.1600036621094,275.3699951171875,272.8599853515625,273.3999938964844,21521800
2025-12-29,272.69000244140625,274.3599853515625,272.3500061035156,273.760009765625,23715200
2025-12-30,272.8099975585937,274.0799865722656,272.2799987792969,273.0799865722656,22139600
2025-12-31,273.0599975585937,273.67999267578125,271.75,271.8599853515625,27293600
